<?xml version="1.0" encoding="UTF-8"?>
<templates xml:space="preserve">

<t t-name="crm_voip.switch_panel_top_button">
  <li title='Display Dialing Panel' class="oe_topbar_item oe_topbar_dialbutton">
    <a href="#">
      <i class="fa fa-phone fa-fw"></i>
    </a>
  </li>
</t>

<t t-name="crm_voip.PhonecallWidget">
  <div rel='popover' data-trigger="hover" data-placement='right' class="oe_dial_phonecall" t-att-data-state="widget.state" t-att-data-id="widget.id">
    <table class="oe_form_group">
      <tr class="oe_form_group_row">
        <td class="oe_form_group_cell oe_form_group_cell_label">
          <t t-if="widget.partner_name != 'Unknown'">
            <span class="oe_dial_phonecall_clip">
              <img t-att-src="'data:image/jpg;base64,'+widget.image_small" class="oe_dial_phonecall_avatar"/>
            </span>
          </t>
          <t t-if="widget.partner_name == 'Unknown'">
            <span class="oe_dial_phonecall_clip">
              <img t-att-src='_s + "/base/static/src/img/avatar.png"' class="oe_dial_phonecall_avatar"/>
            </span>
          </t>
        </td>
        <td style="width: 100%;" class="oe_form_group_cell">
          <span class="oe_dial_phonecall_partner_name"><t t-esc="widget.partner_name"/></span>
          <t t-if="widget.state == 'in_call'">
            <i style='margin-left:2px;' class='fa fa-microphone oe_dial_icon_inCall'></i>
          </t>
          <span class="oe_dial_status_span pull-right">
            <t t-if="widget.state == 'done'">
              <i class="fa fa-check oe_dial_state_icon oe_dial_state_icon_done text-muted"></i>
            </t>
            <t t-if="widget.state == 'pending'">
              <i class="fa fa-stack oe_dial_state_icon oe_dial_state_icon_pending" style="width:13px; height:15px;line-height: 13px;">
                <i class="fa fa-phone fa-stack-1x oe_dial_state_icon text-muted"></i>
                <i class="fa fa-times fa-stack-1x oe_dial_state_icon" style="color: LightCoral;font-size: 8px;left: 4px;position: relative;bottom: 4px;"></i>
              </i>
            </t>
            <a href="#">
              <t t-if="widget.state == 'done'">
                <i title="Remove from the queue" class="text-muted oe_dial_remove_phonecall fa fa-times"></i>
              </t>
              <t t-if="widget.state != 'done'">
                <i title="Cancel the call" class="text-muted oe_dial_remove_phonecall fa fa-times"></i>
              </t>
            </a>
          </span><br/>
          <span><t t-esc="widget.name"/></span>

        </td>
      </tr>
    </table>   
  </div>
</t>

<t t-name="crm_voip.DialingPanel">
  <div class="oe_dial">
    <div class="oe_dial_frame_header">
      <div class="oe_dial_search_icon fa fa-lg fa-search" title="Refresh the Panel"/>
      <input class="oe_dial_searchbox" placeholder="Search Phone Calls..."/>
      <span class="oe_e oe_dial_search_clear">[</span>
      <div style="float:right;">
        <a href="#" class="oe_dial_icon oe_dial_keypad_icon">
            <i title="Display Keypad" class="fa fa-table"></i>
        </a>
        <a href="#" class="oe_dial_icon oe_dial_refresh_icon">
            <i title="Refresh the Panel" class="fa fa-refresh"></i>
        </a>
        <a href="#" class="oe_dial_icon oe_dial_close_icon">
            <i title="Close the Panel" class="fa fa-times"></i>
        </a>
      </div>
    </div>
    <div class="oe_dial_display_pannel">
      <div class="oe_dial_phonecalls"></div>
      <div class="oe_dial_content">
        <div class="oe_dial_callingbuttons">
          <div class="btn-group dropup oe_dial_split_call_button">
            <button type="button" class="btn btn-success oe_dial_call_button oe_dial_big_call_button">Call</button>
            <button type="button" class="btn btn-success dropdown-toggle oe_call_dropdown" data-toggle="dropdown">
            <span class="caret"></span>
            <span class="sr-only">Toggle Dropdown</span>
            </button>
            <ul class="dropdown-menu" role="menu">
            <li><a href="#" class="oe_dial_autocall_button">Call All</a></li>
            <li><a href="#" class="oe_dial_call_button">Call Next One</a></li>
            </ul>
          </div>
          <button type="button" class="btn btn-danger oe_dial_stop_autocall_button">Stop Automatic Call</button>
          <button type="button" class="btn btn-danger btn-sm oe_dial_hangup_button">Hang Up</button>
          <button type="button" class="btn btn-info btn-sm oe_dial_transfer_button">Transfer</button>
        </div>
        <div class="oe_dial_optionalbuttons">
          <div class="oe_dial_actionbuttons">
            <button type="button" class="btn btn-info btn-sm oe_dial_schedule_call">Reschedule Call</button>
            <button type="button" class="btn btn-info btn-sm oe_dial_email">Send Email</button>
          </div>
          <div class="oe_dial_redirectbuttons">
            <button type="button" class="btn btn-info btn-sm oe_dial_to_client"><i class="fa fa-arrow-circle-o-right"></i> Customer</button>
            <button type="button" class="btn btn-info btn-sm oe_dial_to_lead"><i class="fa fa-arrow-circle-o-right"></i> Opportunity</button>
          </div>
        </div>
      </div>
    </div>
    <div class="oe_dial_keypad oe_dial_pannel_displayed">
      <input class="oe_dial_keypad_input oe_dial_keypad_optional" placeholder="Enter the number..."/>
      <div class="oe_dial_keypad_backspace fa fa-long-arrow-left oe_dial_keypad_optional" title="Backspace"/>
      <button class="btn btn-sm btn-primary oe_dial_keypad_button">1</button>
      <button class="btn btn-sm btn-primary oe_dial_keypad_button">2</button>
      <button class="btn btn-sm btn-primary oe_dial_keypad_button">3</button>
      <button class="btn btn-sm btn-primary oe_dial_keypad_button">4</button>
      <button class="btn btn-sm btn-primary oe_dial_keypad_button">5</button>
      <button class="btn btn-sm btn-primary oe_dial_keypad_button">6</button>
      <button class="btn btn-sm btn-primary oe_dial_keypad_button">7</button>
      <button class="btn btn-sm btn-primary oe_dial_keypad_button">8</button>
      <button class="btn btn-sm btn-primary oe_dial_keypad_button">9</button>
      <button class="btn btn-sm btn-primary oe_dial_keypad_button">*</button>
      <button class="btn btn-sm btn-primary oe_dial_keypad_button">0</button>
      <button class="btn btn-sm btn-primary oe_dial_keypad_button">#</button>
      <button class="btn btn-sm btn-success oe_dial_keypad_call_button oe_dial_keypad_optional">Call</button>
    </div>
  </div>
</t>

<t t-name="crm_voip_Tooltip">
  <div style="font-weight: bold;">
    <span class="oe_form_field oe_form_field_char"><t t-esc="partner_name"/></span>
  </div>
  <t t-if="display_opp_name">
    <div style="font-weight: bold;">
      <span class="oe_form_field oe_form_field_char"><t t-esc="opportunity"/></span>
    </div>
  </t>
  <div>
    <span class="oe_form_field oe_form_field_char">Scheduled Date: <t t-esc="date"/></span>
  </div>
  <div style="font-style: italic;">
    <t t-if="phone">
      <span class="oe_form_field oe_form_field_char"><t t-esc="phone"/></span><br/>
    </t>
  </div>
  <t t-if="email">
    <div>
      <span class="oe_form_field oe_form_field_char"><t t-esc="email"/></span>
    </div>
  </t>
  <t t-if="description">
    <div style="margin-top:7px;margin-bottom:7px;">
      <span class=" oe_form_label oe_align_right"> Description: </span><br/>
      <span class="oe_form_field oe_form_field_char"><t t-esc="description"/></span>
    </div>
  </t>
  <t t-if="title_action">
    <div style="margin-top:7px;margin-bottom:7px;">
      <span class=" oe_form_label oe_align_right"> Next Action: </span><br/>
      <span class="oe_form_field oe_form_field_char"><t t-esc="title_action"/></span>
    </div>
  </t>
  <t t-if="planned_revenue">
    <div>
      <span class=" oe_form_label oe_align_right"> Expected Revenue: </span><br/>
      <t t-esc="planned_revenue"/> at <t t-esc="probability"/> %
    </div>
  </t>
</t>

<t t-name="crm_voip_Tooltip_title">
      <span style="display:inline-block; max-width: 210px"><t t-esc="name"/></span>
      <span class="pull-right">
        <t t-foreach="priority" t-as="prior">
          <i class="fa fa-star"></i>
        </t>
        <t t-foreach="empty_star" t-as="empty">
          <i class="fa fa-star-o"></i>
        </t>
      </span>
</t>

<t t-name="FieldPhone">
  <span class="oe_form_field oe_form_field_email" t-att-style="widget.node.attrs.style">
    <t t-if="widget.get('effective_readonly')">
      <a href="#" class="oe_form_uri"/>
    </t>
    <t t-if="!widget.get('effective_readonly')">
      <div>
        <input type="text"
          t-att-id="widget.id_for_label"
          t-att-tabindex="widget.node.attrs.tabindex"
          t-att-autofocus="widget.node.attrs.autofocus"
          t-att-placeholder="widget.node.attrs.placeholder"
          t-att-maxlength="widget.field.size"
        />
      </div>
    </t>
  </span>
</t>

</templates>
