<?xml version="1.0" encoding="utf-8"?>
<odoo>
    <data noupdate="1">

        <!-- Payment method -->

        <record id="account_payment_method_batch_deposit" model="account.payment.method">
            <field name="name">Batch Deposit</field>
            <field name="code">batch_deposit</field>
            <field name="payment_type">inbound</field>
        </record>

        <function model="account.journal" name="_enable_batch_deposit_on_bank_journals"/>

        <record id="paperformat_batch_deposit" model="report.paperformat">
            <field name="name">US Batch Deposit</field>
            <field name="default" eval="False" />
            <field name="format">Letter</field>
            <field name="page_height">0</field>
            <field name="page_width">0</field>
            <field name="orientation">Portrait</field>
            <field name="margin_top">15</field>
            <field name="margin_bottom">10</field>
            <field name="margin_left">10</field>
            <field name="margin_right">10</field>
            <field name="header_line" eval="False" />
            <field name="header_spacing">0</field>
            <field name="dpi">90</field>
        </record>

    </data>
</odoo>
