id,name,model_id:id,group_id:id,perm_read,perm_write,perm_create,perm_unlink
access_hr_appraisal_user,hr.appraisal.user,model_hr_appraisal,hr_appraisal.group_hr_appraisal_user,1,1,1,1
access_hr_appraisal_employee,hr.appraisal.employee,model_hr_appraisal,base.group_user,1,0,0,0
access_hr_appraisal_report,hr.appraisal.report,model_hr_appraisal_report,hr_appraisal.group_hr_appraisal_manager,1,1,1,1
access_survey_hr_manager,survey.hr.manager,survey.model_survey_survey,hr_appraisal.group_hr_appraisal_manager,1,1,1,1
access_survey_question_hr_manager,survey.question,survey.model_survey_question,hr_appraisal.group_hr_appraisal_manager,1,1,1,1
access_survey_question_column_heading_hr_manager,survey.question.column.heading,survey.model_survey_label,hr_appraisal.group_hr_appraisal_manager,1,1,1,1
access_survey_response_hr_manager,survey.response,survey.model_survey_user_input,hr_appraisal.group_hr_appraisal_manager,1,1,1,1
access_survey_response_line_hr_manager,survey.response.line,survey.model_survey_user_input_line,hr_appraisal.group_hr_appraisal_manager,1,1,1,1
access_survey_question_hr_user,survey.question.hr.user,survey.model_survey_question,hr_appraisal.group_hr_appraisal_user,1,1,1,0
access_survey_page_hr_user,survey.page.hr.user,survey.model_survey_page,hr_appraisal.group_hr_appraisal_user,1,1,1,1
access_survey_response_hr_user,survey.response.hr.user,survey.model_survey_user_input,hr_appraisal.group_hr_appraisal_user,1,1,1,0
access_survey_question_column_heading_hr_user,survey.question.column.heading.hr.user,survey.model_survey_label,hr_appraisal.group_hr_appraisal_user,1,1,1,0
access_survey_response_line_hr_user,survey.response.line.hr.user,survey.model_survey_user_input_line,hr_appraisal.group_hr_appraisal_user,1,1,1,0
access_calendar_attendee_survey_user,base.calendar.calendar.attendee.survey.user,calendar.model_calendar_attendee,survey.group_survey_user,1,1,1,0
access_survey_hr_employee,survey.hr.employee,survey.model_survey_survey,base.group_user,1,1,0,0
access_survey_page_hr_employee,survey.page.hr.employee,survey.model_survey_page,base.group_user,1,0,0,0
access_survey_question_hr_employee,survey.question.employee,survey.model_survey_question,base.group_user,1,0,0,0
access_survey_response_hr_employee,survey.response.employee,survey.model_survey_user_input,base.group_user,1,1,1,0
access_survey_question_column_heading_hr_employee,survey.question.column.heading.employee,survey.model_survey_label,base.group_user,1,0,0,0
access_survey_response_line_hr_employee,survey.response.line.employee,survey.model_survey_user_input_line,base.group_user,1,1,1,0