<?xml version="1.0" encoding="utf-8"?>
<odoo>
<data noupdate="1">

    <record id="delivery_carrier_usps_domestic" model="delivery.carrier">
        <field name="name">USPS Domestic Flat Rate Envelope</field>
        <field name="product_type">service</field>
        <field name="product_sale_ok" eval="False"/>
        <field name="delivery_type">usps</field>
        <field name="usps_service">Express</field>
        <field name="usps_delivery_nature">domestic</field>
        <field name="usps_domestic_regular_container">Flat Rate Envelope</field>
        <field name="usps_content_type">MERCHANDISE</field>
        <field name="country_ids" eval="[(4,(ref('base.us')))]"/>
        <field name="usps_username">308ABC004378</field>
    </record>

    <record id="delivery_carrier_usps_international" model="delivery.carrier">
        <field name="name">USPS International Flat Rate Box</field>
        <field name="usps_mail_type">Package</field>
        <field name="product_type">service</field>
        <field name="product_sale_ok" eval="False"/>
        <field name="delivery_type">usps</field>
        <field name="usps_service">Express</field>
        <field name="usps_delivery_nature">international</field>
        <field name="usps_international_regular_container">FLATRATEBOX</field>
        <field name="usps_content_type">MERCHANDISE</field>
        <field name="usps_username">308ABC004378</field>
    </record>

</data>
</odoo>
