<?xml version="1.0" encoding="UTF-8"?>
<templates>
    <t t-name="grid.GridArrows">
        <div>
            <button class="grid_arrow_previous btn btn-sm btn-primary hidden"
                    type="button">
                <span class="fa fa-arrow-left"/>
            </button>
            <button class="grid_arrow_next btn btn-sm btn-primary hidden"
                    type="button">
                <span class="fa fa-arrow-right"/>
            </button>
            <div t-if="widget._ranges.length > 1" class="btn-group btn-group-sm">
                <button t-foreach="widget._ranges" t-as="range"
                        class="grid_arrow_range btn btn-sm btn-default"
                        type="button" t-att-data-name="range.name">
                    <t t-esc="range.string"/>
                </button>
            </div>
            <div t-if="widget._buttons.length" class="btn-group btn-group-sm">
                <button t-foreach="widget._buttons" t-as="btn"
                        t-attf-class="grid_arrow_button btn btn-sm {{ btn['class'] || 'btn-default' }}"
                        type="button" t-att-data-index="btn_index">
                    <t t-esc="btn.string"/>
                </button>

            </div>
        </div>
    </t>
</templates>
