<?xml version="1.0" encoding="utf-8"?>
<odoo>
    <data noupdate="1">
        <record forcecreate="True" id="ir_cron_scheduler_appraisal" model="ir.cron">
           <field name="name">Run Employee Appraisal</field>
           <field eval="True" name="active" />
           <field name="user_id" ref="base.user_root" />
           <field name="interval_number">1</field>
           <field name="interval_type">days</field>
           <field name="numbercall">-1</field>
           <field eval="'hr.employee'" name="model" />
           <field eval="'run_employee_appraisal'" name="function"/>
           <field eval="'(False,)'" name="args" />
        </record>

        <record id="send_appraisal_template" model="mail.template">
            <field name="name">Appraisal Survey - Send by Email</field>
            <field name="model_id" ref="hr_appraisal.model_hr_appraisal" />
            <field name="auto_delete" eval="True" />
            <field name="subject">Appraisal Regarding</field>
            <field name="email_to">${ctx['email']}</field>
            <field name="body_html">
                <![CDATA[
                <div style="font-family: 'Lucida Grande', Ubuntu, Arial, Verdana, sans-serif; font-size: 12px; color: rgb(34, 34, 34); ">
                    <p>Dear ${ctx.get('employee').name},</p>
                    % if ctx.get('employee').id == object.employee_id.id:
                        <p>Please fill out the following survey related to your appraisal.</p>
                    % else:
                        <p>Please fill out the following survey related to ${object.employee_id.name}'s appraisal.</p>
                    % endif
                    <p><a href="__URL__">Click here to access the survey.</a></p>
                    <p>Post your response for the appraisal till : ${object.date_close}</p>
                    <p>Thank you for your participation.</p>
                </div>
                ]]>
            </field>
        </record>
        <record id="mt_appraisal_new" model="mail.message.subtype">
            <field name="name">Appraisal Created</field>
            <field name="res_model">hr.appraisal</field>
            <field name="default" eval="True"/>
            <field name="hidden" eval="False"/>
            <field name="description">Appraisal Created</field>
        </record>
        <record id="mt_appraisal_meeting" model="mail.message.subtype">
            <field name="name">Meeting Scheduled</field>
            <field name="res_model">hr.appraisal</field>
            <field name="default" eval="False"/>
            <field name="description">Meeting Scheduled</field>
        </record>
        <record id="mt_appraisal_sent" model="mail.message.subtype">
            <field name="name">Appraisal sent</field>
            <field name="res_model">hr.appraisal</field>
            <field name="default" eval="False"/>
            <field name="description">Appraisal Sent</field>
        </record>
    </data>
</odoo>
