<?xml version="1.0" encoding="utf-8"?>
<odoo>
    <data>
        <record id="view_account_config_settings_inherit" model="ir.ui.view">
            <field name="name">account settings</field>
            <field name="model">account.config.settings</field>
            <field name="inherit_id" ref="account_reports.view_account_config_settings_account_report_inherit"/>
            <field name="arch" type="xml">
               <xpath expr="//label[@for='module_account_reports_followup']" position="after">
                    <button type="object" name="open_followup_level_form" string="Configure your follow-up levels" class="oe_link"/>
                </xpath>
                <xpath expr="//field[@name='days_between_two_followups']" position="replace">
                    <field name="min_days_between_followup"/>
                </xpath>
            </field>
        </record>
    </data>
</odoo>
