<?xml version="1.0" encoding="utf-8"?>
<odoo>
    <menuitem id="account_reports_au_statements_menu" name="Australian Statements" parent="account.menu_finance_reports" sequence="3" groups="account.group_account_user"/>

    <!-- Sale Report -->

    <record id="account_financial_report_l10n_au_gstrpt" model="account.financial.html.report">
        <field name="name">GST worksheet for BAS</field>
        <field name="report_type">date_range</field>
        <field name='parent_id' ref='account_reports_au_statements_menu'/>
        <field name="tax_report" eval="1"/>
    </record>

    <record id="action_account_report_gst" model="ir.actions.client">
        <field name="name">GST worksheet for BAS</field>
        <field name="tag">account_report_generic</field>
        <field name="context" eval="{'url': '/account_reports/output_format/financial_report/' + str(ref('account_financial_report_l10n_au_gstrpt')), 'model': 'account.financial.html.report', 'id': ref('account_financial_report_l10n_au_gstrpt')}" />
    </record>

    <record id="account_financial_report_l10n_au_gstrpt_s_ttl" model="account.financial.html.report.line">
        <field name="name">GST amounts you owe the Tax Office from sales</field>
        <field name="code"></field>
        <field name="sequence" eval="1"/>
        <field name="financial_report_id" ref="account_financial_report_l10n_au_gstrpt"/>
        <field name="level" eval="1" />
        <field name="special_date_changer">strict_range</field>
    </record>

    <record id="account_financial_report_l10n_au_gstrpt_g1" model="account.financial.html.report.line">
        <field name="name">G1: Total Sales (including any GST)</field>
        <field name="code">G1</field>
        <field name="formulas">balance = -sum.balance</field>
        <field name="sequence" eval="2"/>
        <field name="financial_report_id" ref="account_financial_report_l10n_au_gstrpt"/>
        <field name="level" eval="2" />
        <field name="domain" eval="['|',
        ('tax_ids.tag_ids', 'in', [ref('l10n_au.tag_au_tax_sale_10'),
                                        ref('l10n_au.tag_au_tax_sale_inc_10'),
                                        ref('l10n_au.tag_au_tax_sale_0'),
                                        ref('l10n_au.tag_au_tax_sale_exempt'),
                                        ref('l10n_au.tag_au_tax_sale_input')]),
        ('tax_line_id.tag_ids', 'in', [ref('l10n_au.tag_au_tax_sale_10'),
                                        ref('l10n_au.tag_au_tax_sale_inc_10'),
                                        ref('l10n_au.tag_au_tax_sale_0'),
                                        ref('l10n_au.tag_au_tax_sale_exempt'),
                                        ref('l10n_au.tag_au_tax_sale_input')])
        ]" />
        <field name="groupby">account_id</field>
        <field name="show_domain">foldable</field>
        <field name="special_date_changer">strict_range</field>
        <field name='action_id' ref='account_reports.action_journal_items'/>
    </record>

    <record id="account_financial_report_l10n_au_gstrpt_g2" model="account.financial.html.report.line">
        <field name="name">G2: Export sales</field>
        <field name="code">G2</field>
        <field name="sequence" eval="3"/>
        <field name="financial_report_id" ref="account_financial_report_l10n_au_gstrpt"/>
        <field name="level" eval="3" />
        <field name="formulas">balance = -sum.balance</field>
        <field name="domain" eval="['|',
        ('tax_ids.tag_ids', 'in', [ref('l10n_au.tag_au_tax_sale_0')]),
        ('tax_line_id.tag_ids', 'in', [ref('l10n_au.tag_au_tax_sale_0')])
        ]" />
        <field name="groupby">account_id</field>
        <field name="show_domain">foldable</field>
        <field name="special_date_changer">strict_range</field>
        <field name='action_id' ref='account_reports.action_journal_items'/>
    </record>

    <record id="account_financial_report_l10n_au_gstrpt_g3" model="account.financial.html.report.line">
        <field name="name">G3: Other GST-free sales</field>
        <field name="code">G3</field>
        <field name="formulas">balance = -sum.balance</field>
        <field name="sequence" eval="4"/>
        <field name="financial_report_id" ref="account_financial_report_l10n_au_gstrpt"/>
        <field name="level" eval="3"/>
        <field name="domain" eval="['|',
        ('tax_ids.tag_ids', 'in', [ref('l10n_au.tag_au_tax_sale_exempt')]),
        ('tax_line_id.tag_ids', 'in', [ref('l10n_au.tag_au_tax_sale_exempt')])
        ]" />
        <field name="groupby">account_id</field>
        <field name="show_domain">foldable</field>
        <field name="special_date_changer">strict_range</field>
        <field name='action_id' ref='account_reports.action_journal_items'/>
    </record>

    <record id="account_financial_report_l10n_au_gstrpt_g4" model="account.financial.html.report.line">
        <field name="name">G4: Input taxed sales</field>
        <field name="code">G4</field>
        <field name="sequence" eval="5"/>
        <field name="financial_report_id" ref="account_financial_report_l10n_au_gstrpt"/>
        <field name="level" eval="3" />
        <field name="formulas">balance = -sum.balance</field>
        <field name="domain" eval="['|',
        ('tax_ids.tag_ids', 'in', [ref('l10n_au.tag_au_tax_sale_input')]),
        ('tax_line_id.tag_ids', 'in', [ref('l10n_au.tag_au_tax_sale_input')])
        ]" />
        <field name="groupby">account_id</field>
        <field name="show_domain">foldable</field>
        <field name="special_date_changer">strict_range</field>
        <field name='action_id' ref='account_reports.action_journal_items'/>
    </record>

    <record id="account_financial_report_l10n_au_gstrpt_g5" model="account.financial.html.report.line">
        <field name="name">G5: G2 + G3 + G4</field>
        <field name="code">G5</field>
        <field name="sequence" eval="6"/>
        <field name="formulas">balance = G2.balance + G3.balance + G4.balance</field>
        <field name="financial_report_id" ref="account_financial_report_l10n_au_gstrpt"/>
        <field name="level" eval="2" />
        <field name="special_date_changer">strict_range</field>
    </record>

    <record id="account_financial_report_l10n_au_gstrpt_g6" model="account.financial.html.report.line">
        <field name="name">G6: Total sales subject to GST (G1 minus G5)</field>
        <field name="code">G6</field>
        <field name="sequence" eval="7"/>
        <field name="formulas">balance = G1.balance - G5.balance</field>
        <field name="financial_report_id" ref="account_financial_report_l10n_au_gstrpt"/>
        <field name="level" eval="2" />
        <field name="special_date_changer">strict_range</field>
    </record>

    <record id="account_financial_report_l10n_au_gstrpt_g7" model="account.financial.html.report.line">
        <field name="name">G7: Adjustments (if applicable)</field>
        <field name="code">G7</field>
        <field name="sequence" eval="8"/>
        <field name="formulas">balance = -sum.balance</field>
        <field name="financial_report_id" ref="account_financial_report_l10n_au_gstrpt"/>
        <field name="level" eval="3" />
        <field name="domain" eval="['|',
        ('tax_ids.tag_ids', 'in', [ref('l10n_au.tag_au_tax_sale_adj')]),
        ('tax_line_id.tag_ids', 'in', [ref('l10n_au.tag_au_tax_sale_adj')])
        ]" />
        <field name="groupby">account_id</field>
        <field name="show_domain">foldable</field>
        <field name="special_date_changer">strict_range</field>
        <field name='action_id' ref='account_reports.action_journal_items'/>
    </record>

    <record id="account_financial_report_l10n_au_gstrpt_g8" model="account.financial.html.report.line">
        <field name="name">G8: Total sales subject to GST after adjustments (G6 + G7)</field>
        <field name="code">G8</field>
        <field name="sequence" eval="9"/>
        <field name="formulas">balance = G6.balance + G7.balance</field>
        <field name="financial_report_id" ref="account_financial_report_l10n_au_gstrpt"/>
        <field name="level" eval="2" />
        <field name="special_date_changer">strict_range</field>
    </record>

    <record id="account_financial_report_l10n_au_gstrpt_g9" model="account.financial.html.report.line">
        <field name="name">G9: GST on sales (G8 divided by eleven)</field>
        <field name="code">G9</field>
        <field name="sequence" eval="10"/>
        <field name="formulas">balance = G8.balance / 11</field>
        <field name="financial_report_id" ref="account_financial_report_l10n_au_gstrpt"/>
        <field name="level" eval="0" />
        <field name="special_date_changer">strict_range</field>
    </record>

    <!-- Purchase Report -->

    <record id="account_financial_report_l10n_au_gstrpt_p_ttl" model="account.financial.html.report.line">
        <field name="name">GST amounts the Tax Office owes you from purchases</field>
        <field name="code"></field>
        <field name="sequence" eval="101"/>
        <field name="financial_report_id" ref="account_financial_report_l10n_au_gstrpt"/>
        <field name="level" eval="1" />
        <field name="special_date_changer">strict_range</field>
    </record>

    <record id="account_financial_report_l10n_au_gstrpt_g10" model="account.financial.html.report.line">
        <field name="name">G10: Capital purchases (including any GST)</field>
        <field name="code">G10</field>
        <field name="formulas">balance = sum.balance</field>
        <field name="sequence" eval="102"/>
        <field name="financial_report_id" ref="account_financial_report_l10n_au_gstrpt"/>
        <field name="level" eval="3" />
        <field name="domain" eval="['|',
        ('tax_ids.tag_ids', 'in', [ref('l10n_au.tag_au_tax_purchase_capital')]),
        ('tax_line_id.tag_ids', 'in', [ref('l10n_au.tag_au_tax_purchase_capital')])
        ]" />
        <field name="groupby">account_id</field>
        <field name="show_domain">foldable</field>
        <field name="special_date_changer">strict_range</field>
        <field name='action_id' ref='account_reports.action_journal_items'/>
    </record>

    <record id="account_financial_report_l10n_au_gstrpt_g11" model="account.financial.html.report.line">
        <field name="name">G11: Non-capital purchases (including GST)</field>
        <field name="code">G11</field>
        <field name="formulas">balance = sum.balance</field>
        <field name="sequence" eval="103"/>
        <field name="financial_report_id" ref="account_financial_report_l10n_au_gstrpt"/>
        <field name="level" eval="3" />
        <field name="domain" eval="['|',
        ('tax_ids.tag_ids', 'in', [ref('l10n_au.tag_au_tax_purchase_10'),
                                        ref('l10n_au.tag_au_tax_purchase_inc_10'),
                                        ref('l10n_au.tag_au_tax_purchase_0'),
                                        ref('l10n_au.tag_au_tax_purchase_taxable_import'),
                                        ref('l10n_au.tag_au_tax_purchase_input'),
                                        ref('l10n_au.tag_au_tax_purchase_private')]),
        ('tax_line_id.tag_ids', 'in', [ref('l10n_au.tag_au_tax_purchase_10'),
                                        ref('l10n_au.tag_au_tax_purchase_inc_10'),
                                        ref('l10n_au.tag_au_tax_purchase_0'),
                                        ref('l10n_au.tag_au_tax_purchase_taxable_import'),
                                        ref('l10n_au.tag_au_tax_purchase_input'),
                                        ref('l10n_au.tag_au_tax_purchase_private')])
        ]" />
        <field name="groupby">account_id</field>
        <field name="show_domain">foldable</field>
        <field name="special_date_changer">strict_range</field>
        <field name='action_id' ref='account_reports.action_journal_items'/>
    </record>

    <record id="account_financial_report_l10n_au_gstrpt_g12" model="account.financial.html.report.line">
        <field name="name">G12: G10 + G11</field>
        <field name="code">G12</field>
        <field name="formulas">balance = G10.balance + G11.balance</field>
        <field name="sequence" eval="104"/>
        <field name="financial_report_id" ref="account_financial_report_l10n_au_gstrpt"/>
        <field name="level" eval="2" />
        <field name="special_date_changer">strict_range</field>
    </record>

    <record id="account_financial_report_l10n_au_gstrpt_g13" model="account.financial.html.report.line">
        <field name="name">G13: Purchases for making input taxed sales</field>
        <field name="code">G13</field>
        <field name="formulas">balance = sum.balance</field>
        <field name="sequence" eval="105"/>
        <field name="financial_report_id" ref="account_financial_report_l10n_au_gstrpt"/>
        <field name="level" eval="3" />
        <field name="domain" eval="['|',
        ('tax_ids.tag_ids', 'in', [ref('l10n_au.tag_au_tax_purchase_input')]),
        ('tax_line_id.tag_ids', 'in', [ref('l10n_au.tag_au_tax_purchase_input')])
        ]" />
        <field name="groupby">account_id</field>
        <field name="show_domain">foldable</field>
        <field name="special_date_changer">strict_range</field>
        <field name='action_id' ref='account_reports.action_journal_items'/>
    </record>

    <record id="account_financial_report_l10n_au_gstrpt_g14" model="account.financial.html.report.line">
        <field name="name">G14: Purchases without GST in the price</field>
        <field name="code">G14</field>
        <field name="formulas">balance = sum.balance</field>
        <field name="sequence" eval="106"/>
        <field name="financial_report_id" ref="account_financial_report_l10n_au_gstrpt"/>
        <field name="level" eval="3" />
        <field name="domain" eval="['|',
        ('tax_ids.tag_ids', 'in', [ref('l10n_au.tag_au_tax_purchase_0'),
                                        ref('l10n_au.tag_au_tax_purchase_taxable_import')]),
        ('tax_line_id.tag_ids', 'in', [ref('l10n_au.tag_au_tax_purchase_0'),
                                        ref('l10n_au.tag_au_tax_purchase_taxable_import')])
        ]" />
        <field name="groupby">account_id</field>
        <field name="show_domain">foldable</field>
        <field name="special_date_changer">strict_range</field>
        <field name='action_id' ref='account_reports.action_journal_items'/>
    </record>

    <record id="account_financial_report_l10n_au_gstrpt_g15" model="account.financial.html.report.line">
        <field name="name">G15: Estimated purchases for private use or not income tax deductible</field>
        <field name="code">G15</field>
        <field name="formulas">balance = sum.balance</field>
        <field name="sequence" eval="107"/>
        <field name="financial_report_id" ref="account_financial_report_l10n_au_gstrpt"/>
        <field name="level" eval="3" />
        <field name="domain" eval="['|',
        ('tax_ids.tag_ids', 'in', [ref('l10n_au.tag_au_tax_purchase_private')]),
        ('tax_line_id.tag_ids', 'in', [ref('l10n_au.tag_au_tax_purchase_private')])
        ]" />
        <field name="groupby">account_id</field>
        <field name="show_domain">foldable</field>
        <field name="special_date_changer">strict_range</field>
        <field name='action_id' ref='account_reports.action_journal_items'/>
    </record>

    <record id="account_financial_report_l10n_au_gstrpt_g16" model="account.financial.html.report.line">
        <field name="name">G16: G13 + G14 + G15</field>
        <field name="code">G16</field>
        <field name="formulas">balance = G13.balance + G14.balance + G15.balance</field>
        <field name="sequence" eval="108"/>
        <field name="financial_report_id" ref="account_financial_report_l10n_au_gstrpt"/>
        <field name="level" eval="2" />
        <field name="special_date_changer">strict_range</field>
    </record>

    <record id="account_financial_report_l10n_au_gstrpt_g17" model="account.financial.html.report.line">
        <field name="name">G17: Total purchases subject to GST (G12 minus G16) </field>
        <field name="code">G17</field>
        <field name="formulas">balance = G12.balance - G16.balance</field>
        <field name="sequence" eval="109"/>
        <field name="financial_report_id" ref="account_financial_report_l10n_au_gstrpt"/>
        <field name="level" eval="2" />
        <field name="special_date_changer">strict_range</field>
    </record>

    <record id="account_financial_report_l10n_au_gstrpt_g18" model="account.financial.html.report.line">
        <field name="name">G18: Adjustments (if applicable)</field>
        <field name="code">G18</field>
        <field name="formulas">balance = sum.balance</field>
        <field name="sequence" eval="110"/>
        <field name="financial_report_id" ref="account_financial_report_l10n_au_gstrpt"/>
        <field name="level" eval="3" />
        <field name="domain" eval="['|',
        ('tax_ids.tag_ids', 'in', [ref('l10n_au.tag_au_tax_purchase_adj')]),
        ('tax_line_id.tag_ids', 'in', [ref('l10n_au.tag_au_tax_purchase_adj')])
        ]" />
        <field name="groupby">account_id</field>
        <field name="show_domain">foldable</field>
        <field name="special_date_changer">strict_range</field>
        <field name='action_id' ref='account_reports.action_journal_items'/>
    </record>

    <record id="account_financial_report_l10n_au_gstrpt_g19" model="account.financial.html.report.line">
        <field name="name">G19: Total purchases subject to GST after adjustments (G17 + G18) </field>
        <field name="code">G19</field>
        <field name="formulas">balance = G17.balance + G18.balance</field>
        <field name="sequence" eval="111"/>
        <field name="financial_report_id" ref="account_financial_report_l10n_au_gstrpt"/>
        <field name="level" eval="2" />
        <field name="special_date_changer">strict_range</field>
    </record>

    <record id="account_financial_report_l10n_au_gstrpt_g20a" model="account.financial.html.report.line">
        <field name="name">GST on purchases (G19 divided by eleven)</field>
        <field name="code">G20A</field>
        <field name="formulas">balance = G19.balance / 11</field>
        <field name="sequence" eval="112"/>
        <field name="financial_report_id" ref="account_financial_report_l10n_au_gstrpt"/>
        <field name="level" eval="2" />
        <field name="special_date_changer">strict_range</field>
    </record>

    <record id="account_financial_report_l10n_au_gstrpt_gstonly" model="account.financial.html.report.line">
        <field name="name">GST only purchases</field>
        <field name="code">ONLY</field>
        <field name="formulas">balance = sum.balance</field>
        <field name="sequence" eval="113"/>
        <field name="financial_report_id" ref="account_financial_report_l10n_au_gstrpt"/>
        <field name="level" eval="3" />
        <field name="domain" eval="[
        ('tax_line_id.tag_ids', 'in', [ref('l10n_au.tag_au_tax_purchase_gst_only')]),
        ]" />
        <field name="groupby">account_id</field>
        <field name="show_domain">foldable</field>
        <field name="special_date_changer">strict_range</field>
        <field name='action_id' ref='account_reports.action_journal_items'/>
    </record>

    <record id="account_financial_report_l10n_au_gstrpt_g20b" model="account.financial.html.report.line">
        <field name="name">G20: GST on purchases</field>
        <field name="code">G20B</field>
        <field name="formulas">balance = G20A.balance + ONLY.balance</field>
        <field name="sequence" eval="114"/>
        <field name="financial_report_id" ref="account_financial_report_l10n_au_gstrpt"/>
        <field name="level" eval="0" />
        <field name="special_date_changer">strict_range</field>
    </record>


    <!-- Comparison -->

    <record id="account_financial_report_l10n_au_gstrpt_c_ttl" model="account.financial.html.report.line">
        <field name="name">Comparison</field>
        <field name="code"></field>
        <field name="sequence" eval="201"/>
        <field name="financial_report_id" ref="account_financial_report_l10n_au_gstrpt"/>
        <field name="level" eval="1" />
        <field name="special_date_changer">strict_range</field>
    </record>

    <record id="account_financial_report_l10n_au_gstrpt_c_ws" model="account.financial.html.report.line">
        <field name="name">GST from worksheet (G20-G9)</field>
        <field name="code">CWS</field>
        <field name="formulas">balance = G20B.balance - G9.balance</field>
        <field name="sequence" eval="202"/>
        <field name="financial_report_id" ref="account_financial_report_l10n_au_gstrpt"/>
        <field name="level" eval="2" />
        <field name="special_date_changer">strict_range</field>
    </record>

    <record id="account_financial_report_l10n_au_gstrpt_c_gl" model="account.financial.html.report.line">
        <field name="name">GST from General Ledger</field>
        <field name="code">CGL</field>
        <field name="formulas">balance = sum.balance</field>
        <field name="sequence" eval="203"/>
        <field name="financial_report_id" ref="account_financial_report_l10n_au_gstrpt"/>
        <field name="level" eval="2" />
        <field name="domain" eval="[
        ('account_id.in_tax_ids', '!=', False)
        ]" />
        <field name="groupby">account_id</field>
        <field name="show_domain">foldable</field>
        <field name="special_date_changer">strict_range</field>
        <field name='action_id' ref='account_reports.action_journal_items'/>
    </record>

</odoo>
