<?xml version="1.0" encoding="UTF-8"?>

<templates xml:space="preserve">

    <t t-name="batch_deposits_selector">
        <div t-if="batch_deposits.length > 0" class="dropdown batch_deposits_selector">
            <a data-toggle="dropdown" href="javascript:void(0)">
                <i class="fa fa-bookmark"></i> Select a Batch Deposit
            </a>
            <ul class="dropdown-menu" role="menu">
                <t t-foreach="batch_deposits" t-as="deposit">
                    <li role="presentation"><a role="menuitem" tabindex="-1" href="javascript:void(0)" class="batch_deposit" t-att-data-batch_deposit_id="deposit.id">
                        <t t-esc="deposit.name"/> :
                        <t t-esc="deposit.amount_str"/>
                        <t t-if="deposit.amount_currency_str">
                            (<t t-esc="deposit.amount_currency_str"/>)
                        </t>
                    </a></li>
                </t>
            </ul>
        </div>
    </t>

</templates>
