<?xml version="1.0" encoding="utf-8"?>
<odoo>
        <!-- 
        redefinition of tags lately added in l10n_be so that we can just
        upgrade l10n_be_reports and manually create taxes using those tags
        -->
        <record id="l10n_be.tax_tag_61" model="account.account.tag">
            <field name="name">Belgium VAT Form: grid 61</field>
            <field name="applicability">taxes</field>
        </record>
        <record id="l10n_be.tax_tag_62" model="account.account.tag">
            <field name="name">Belgium VAT Form: grid 62</field>
            <field name="applicability">taxes</field>
        </record>
</odoo>