<?xml version="1.0" encoding="utf-8"?>
<odoo>

    <record id="financial_report_l10n_de_skr03" model="account.financial.html.report">
        <field name="name">Steuerkonten Umsatzsteuer SKR03 (Deutschland)</field>
        <field name="report_type">date_range</field>
        <field name='parent_id' ref='l10n_de.account_reports_de_statements_menu'/>
        <field name="tax_report" eval="1"/>
    </record>
    <record id="financial_report_line_de_skr03_01" model="account.financial.html.report.line">
        <field name="name">Verbleib. Umssatzst.-Vorausz. / Verbl. Übersch. - b. d. Betrag ein Minusz. voranstellen</field>
        <field name="code">DETAX03_83</field>
        <field name="sequence" eval="1"/>
        <field name="level" eval="0"/>
        <field name="formulas">balance = DETAX03_39.balance + DETAX03_AST.balance + DETAX03_U.balance + DETAX03_VST.balance</field>
        <field name="financial_report_id" ref="financial_report_l10n_de_skr03"/>
        <field name="special_date_changer">strict_range</field>
    </record>
    <record id="financial_report_line_de_skr03_0101" model="account.financial.html.report.line">
        <field name="name">Anrechn. (Abzug) d. festg. Sondervorausz. für Dauerfristverl. (nur auszuf. i. d. l. Voranm. d. Best. zeitr., i.d.R. Dezember)</field>
        <field name="code">DETAX03_39</field>
        <field name="sequence" eval="1"/>
        <field name="level" eval="1"/>
        <field name="formulas">balance = sum.balance</field>
        <field name="parent_id" ref="financial_report_line_de_skr03_01"/>
        <field name="show_domain">never</field>
        <field name="special_date_changer">strict_range</field>
    </record>
    <record id="financial_report_line_de_skr03_0102" model="account.financial.html.report.line">
        <field name="name">Andere Steuerbeträge</field>
        <field name="code">DETAX03_AST</field>
        <field name="sequence" eval="2"/>
        <field name="level" eval="1"/>
        <field name="formulas">balance = DETAX03_69.balance</field>
        <field name="parent_id" ref="financial_report_line_de_skr03_01"/>
        <field name="special_date_changer">strict_range</field>
    </record>
    <record id="financial_report_line_de_skr03_010201" model="account.financial.html.report.line">
        <field name="name">In Rechn. unr. od. unber. ausg. (§14c) sow. Steuern, n. §4 Nr. 4a S. 1 B. a S. 2, §6a Ab. 4 S. 2, §17 Ab. 1 S. 6 o. §25b Ab. 2 gesch. werden</field>
        <field name="code">DETAX03_69</field>
        <field name="sequence" eval="1"/>
        <field name="level" eval="2"/>
        <field name="formulas">balance = sum.balance</field>
        <field name="parent_id" ref="financial_report_line_de_skr03_0102"/>
        <field name="show_domain">never</field>
        <field name="special_date_changer">strict_range</field>
    </record>
    <record id="financial_report_line_de_skr03_0103" model="account.financial.html.report.line">
        <field name="name">Umsatzsteuer</field>
        <field name="code">DETAX03_U</field>
        <field name="sequence" eval="3"/>
        <field name="level" eval="1"/>
        <field name="formulas">balance = DETAX03_UZ19.balance + DETAX03_UZ33.balance + DETAX03_UZ39.balance</field>
        <field name="parent_id" ref="financial_report_line_de_skr03_01"/>
        <field name="special_date_changer">strict_range</field>
    </record>
    <record id="financial_report_line_de_skr03_010301" model="account.financial.html.report.line">
        <field name="name">Lieferungen und sonst. Leistungen (einschl. unentgeltl. Wertabgaben)</field>
        <field name="code">DETAX03_UZ19</field>
        <field name="sequence" eval="1"/>
        <field name="level" eval="2"/>
        <field name="formulas">balance = DETAX03_UZ26.balance</field>
        <field name="parent_id" ref="financial_report_line_de_skr03_0103"/>
        <field name="special_date_changer">strict_range</field>
    </record>
    <record id="financial_report_line_de_skr03_01030101" model="account.financial.html.report.line">
        <field name="name">Steuerpfl. Umsätze (Lief. u. sonst. Leist. einschl. unentgeltl. Wertabgaben)</field>
        <field name="code">DETAX03_UZ26</field>
        <field name="sequence" eval="1"/>
        <field name="level" eval="3"/>
        <field name="formulas">balance = DETAX03_36.balance + DETAX03_811.balance + DETAX03_861.balance + DETAX03_UZ30.balance</field>
        <field name="parent_id" ref="financial_report_line_de_skr03_010301"/>
        <field name="special_date_changer">strict_range</field>
    </record>
    <record id="financial_report_line_de_skr03_0103010101" model="account.financial.html.report.line">
        <field name="name">zu anderen Steuersätzen</field>
        <field name="code">DETAX03_36</field>
        <field name="sequence" eval="1"/>
        <field name="level" eval="4"/>
        <field name="formulas">balance = sum.balance</field>
        <field name="parent_id" ref="financial_report_line_de_skr03_01030101"/>
        <field name="show_domain">never</field>
        <field name="special_date_changer">strict_range</field>
    </record>
    <record id="financial_report_line_de_skr03_0103010102" model="account.financial.html.report.line">
        <field name="name">zum Steuersatz von 19 %</field>
        <field name="code">DETAX03_811</field>
        <field name="sequence" eval="2"/>
        <field name="level" eval="4"/>
        <field name="domain" eval="[('tax_line_id.tag_ids', 'in', [ref('l10n_de.tag_de_09')])]"/>
        <field name="formulas">balance = - sum.balance</field>
        <field name="parent_id" ref="financial_report_line_de_skr03_01030101"/>
        <field name="show_domain">never</field>
        <field name="special_date_changer">strict_range</field>
    </record>
    <record id="financial_report_line_de_skr03_0103010103" model="account.financial.html.report.line">
        <field name="name">zum Steuersatz von 7%</field>
        <field name="code">DETAX03_861</field>
        <field name="sequence" eval="3"/>
        <field name="level" eval="4"/>
        <field name="domain" eval="[('tax_line_id.tag_ids', 'in', [ref('l10n_de.tag_de_10')])]"/>
        <field name="formulas">balance = - sum.balance</field>
        <field name="parent_id" ref="financial_report_line_de_skr03_01030101"/>
        <field name="show_domain">never</field>
        <field name="special_date_changer">strict_range</field>
    </record>
    <record id="financial_report_line_de_skr03_0103010104" model="account.financial.html.report.line">
        <field name="name">Umsätze land- und forstwirtschaftlicher Betrieb nach § 24 UStG</field>
        <field name="code">DETAX03_UZ30</field>
        <field name="sequence" eval="4"/>
        <field name="level" eval="4"/>
        <field name="formulas">balance = DETAX03_80.balance</field>
        <field name="parent_id" ref="financial_report_line_de_skr03_01030101"/>
        <field name="special_date_changer">strict_range</field>
    </record>
    <record id="financial_report_line_de_skr03_010301010401" model="account.financial.html.report.line">
        <field name="name">Umsätze, f. d. e. Steuer n. § 24 UStG zu entrichten ist (Sägewerkserz., Getränke und alkohol. Flüssigk., z.B. Wein)</field>
        <field name="code">DETAX03_80</field>
        <field name="sequence" eval="1"/>
        <field name="level" eval="5"/>
        <field name="formulas">balance = sum.balance</field>
        <field name="parent_id" ref="financial_report_line_de_skr03_0103010104"/>
        <field name="show_domain">never</field>
        <field name="special_date_changer">strict_range</field>
    </record>
    <record id="financial_report_line_de_skr03_010302" model="account.financial.html.report.line">
        <field name="name">Innergemeinschaftliche Erwerbe</field>
        <field name="code">DETAX03_UZ33</field>
        <field name="sequence" eval="2"/>
        <field name="level" eval="2"/>
        <field name="formulas">balance = DETAX03_UZ35.balance</field>
        <field name="parent_id" ref="financial_report_line_de_skr03_0103"/>
        <field name="special_date_changer">strict_range</field>
    </record>
    <record id="financial_report_line_de_skr03_01030201" model="account.financial.html.report.line">
        <field name="name">Steuerpflichtige innergemeinschaftliche Erwerbe</field>
        <field name="code">DETAX03_UZ35</field>
        <field name="sequence" eval="1"/>
        <field name="level" eval="3"/>
        <field name="formulas">balance = DETAX03_891.balance + DETAX03_931.balance + DETAX03_96.balance + DETAX03_98.balance</field>
        <field name="parent_id" ref="financial_report_line_de_skr03_010302"/>
        <field name="special_date_changer">strict_range</field>
    </record>
    <record id="financial_report_line_de_skr03_0103020101" model="account.financial.html.report.line">
        <field name="name">zum Steuersatz von 19 %</field>
        <field name="code">DETAX03_891</field>
        <field name="sequence" eval="1"/>
        <field name="level" eval="4"/>
        <field name="domain" eval="[('tax_line_id.tag_ids', 'in', [ref('l10n_de.tag_de_15')])]"/>
        <field name="formulas">balance = - sum.balance</field>
        <field name="parent_id" ref="financial_report_line_de_skr03_01030201"/>
        <field name="show_domain">never</field>
        <field name="special_date_changer">strict_range</field>
    </record>
    <record id="financial_report_line_de_skr03_0103020102" model="account.financial.html.report.line">
        <field name="name">zum Steuersatz von 7%</field>
        <field name="code">DETAX03_931</field>
        <field name="sequence" eval="2"/>
        <field name="level" eval="4"/>
        <field name="domain" eval="[('tax_line_id.tag_ids', 'in', [ref('l10n_de.tag_de_54')])]"/>
        <field name="formulas">balance = - sum.balance</field>
        <field name="parent_id" ref="financial_report_line_de_skr03_01030201"/>
        <field name="show_domain">never</field>
        <field name="special_date_changer">strict_range</field>
    </record>
    <record id="financial_report_line_de_skr03_0103020103" model="account.financial.html.report.line">
        <field name="name">neuer Fahrzeuge von Lieferern ohne USt-IdNr. zum allg. Steuersatz</field>
        <field name="code">DETAX03_96</field>
        <field name="sequence" eval="3"/>
        <field name="level" eval="4"/>
        <field name="formulas">balance = sum.balance</field>
        <field name="parent_id" ref="financial_report_line_de_skr03_01030201"/>
        <field name="show_domain">never</field>
        <field name="special_date_changer">strict_range</field>
    </record>
    <record id="financial_report_line_de_skr03_0103020104" model="account.financial.html.report.line">
        <field name="name">zu anderen Steuersätzen</field>
        <field name="code">DETAX03_98</field>
        <field name="sequence" eval="4"/>
        <field name="level" eval="4"/>
        <field name="formulas">balance = sum.balance</field>
        <field name="parent_id" ref="financial_report_line_de_skr03_01030201"/>
        <field name="show_domain">never</field>
        <field name="special_date_changer">strict_range</field>
    </record>
    <record id="financial_report_line_de_skr03_010303" model="account.financial.html.report.line">
        <field name="name">Ergänzende Angaben zu Umsätzen</field>
        <field name="code">DETAX03_UZ39</field>
        <field name="sequence" eval="3"/>
        <field name="level" eval="2"/>
        <field name="formulas">balance = DETAX03_UZ46.balance</field>
        <field name="parent_id" ref="financial_report_line_de_skr03_0103"/>
        <field name="special_date_changer">strict_range</field>
    </record>
    <record id="financial_report_line_de_skr03_01030301" model="account.financial.html.report.line">
        <field name="name">Umsätze, f. d. a. Leistungsempf. d. Steuer n. § 13b Abs. 2 UStG geschuldet wird</field>
        <field name="code">DETAX03_UZ46</field>
        <field name="sequence" eval="1"/>
        <field name="level" eval="3"/>
        <field name="formulas">balance = DETAX03_53.balance + DETAX03_65.balance + DETAX03_74.balance + DETAX03_85.balance</field>
        <field name="parent_id" ref="financial_report_line_de_skr03_010303"/>
        <field name="special_date_changer">strict_range</field>
    </record>
    <record id="financial_report_line_de_skr03_0103030101" model="account.financial.html.report.line">
        <field name="name">Leistungen eines im Ausland ansässigen Unternehmers (§ 13b Abs. 1 Satz 1 Nr. 1 und 5 UStG)</field>
        <field name="code">DETAX03_53</field>
        <field name="sequence" eval="1"/>
        <field name="level" eval="4"/>
        <field name="formulas">balance = sum.balance</field>
        <field name="parent_id" ref="financial_report_line_de_skr03_01030301"/>
        <field name="show_domain">never</field>
        <field name="special_date_changer">strict_range</field>
    </record>
    <record id="financial_report_line_de_skr03_0103030102" model="account.financial.html.report.line">
        <field name="name">Steuer inf. Wechsels d. Besteuerungsform sow. Nachsteuer a. verst. Anzahl. u. ä. wg. Steuersatzänderung</field>
        <field name="code">DETAX03_65</field>
        <field name="sequence" eval="2"/>
        <field name="level" eval="4"/>
        <field name="formulas">balance = sum.balance</field>
        <field name="parent_id" ref="financial_report_line_de_skr03_01030301"/>
        <field name="show_domain">never</field>
        <field name="special_date_changer">strict_range</field>
    </record>
    <record id="financial_report_line_de_skr03_0103030103" model="account.financial.html.report.line">
        <field name="name">Lief. sicherungsüb. Gegenst. und Umsätze, d. u. d. GrEStG fallen (§ 13b Abs. 1 Satz 1 Nr. 2 und 3 UStG)</field>
        <field name="code">DETAX03_74</field>
        <field name="sequence" eval="3"/>
        <field name="level" eval="4"/>
        <field name="formulas">balance = sum.balance</field>
        <field name="parent_id" ref="financial_report_line_de_skr03_01030301"/>
        <field name="show_domain">never</field>
        <field name="special_date_changer">strict_range</field>
    </record>
    <record id="financial_report_line_de_skr03_0103030104" model="account.financial.html.report.line">
        <field name="name">Bauleistungen e. i. Inland ans. Unternehmers (§ 13b Abs. 1 Satz 1 Nr. 4 UStG)</field>
        <field name="code">DETAX03_85</field>
        <field name="sequence" eval="4"/>
        <field name="level" eval="4"/>
        <field name="formulas">balance = sum.balance</field>
        <field name="parent_id" ref="financial_report_line_de_skr03_01030301"/>
        <field name="show_domain">never</field>
        <field name="special_date_changer">strict_range</field>
    </record>
    <record id="financial_report_line_de_skr03_0104" model="account.financial.html.report.line">
        <field name="name">Abziehbare Vorsteuerbeträge</field>
        <field name="code">DETAX03_VST</field>
        <field name="sequence" eval="4"/>
        <field name="level" eval="1"/>
        <field name="formulas">balance = DETAX03_59.balance + DETAX03_61.balance + DETAX03_62.balance + DETAX03_63.balance + DETAX03_64.balance + DETAX03_66.balance</field>
        <field name="parent_id" ref="financial_report_line_de_skr03_01"/>
        <field name="special_date_changer">strict_range</field>
    </record>
    <record id="financial_report_line_de_skr03_010401" model="account.financial.html.report.line">
        <field name="name">Vst. abz. f. i.g. Lief. neuer Fahrzeuge außerh. e. Unternehmens (§ 2a) sow. v. Kleinunt. i. S. d. § 19 Ab. 1 (§ 15 Abs. 4a)</field>
        <field name="code">DETAX03_59</field>
        <field name="sequence" eval="1"/>
        <field name="level" eval="2"/>
        <field name="formulas">balance = sum.balance</field>
        <field name="parent_id" ref="financial_report_line_de_skr03_0104"/>
        <field name="show_domain">never</field>
        <field name="special_date_changer">strict_range</field>
    </record>
    <record id="financial_report_line_de_skr03_010402" model="account.financial.html.report.line">
        <field name="name">Vorsteuerbetr. a. d. innergem. von Gegenständen (§ 15 Abs. 1 Satz 1 Nr. 3 UStG)</field>
        <field name="code">DETAX03_61</field>
        <field name="sequence" eval="2"/>
        <field name="level" eval="2"/>
        <field name="domain" eval="[('tax_line_id.tag_ids', 'in', [ref('l10n_de.tag_de_27')])]"/>
        <field name="formulas">balance = - sum.balance</field>
        <field name="parent_id" ref="financial_report_line_de_skr03_0104"/>
        <field name="show_domain">never</field>
        <field name="special_date_changer">strict_range</field>
    </record>
    <record id="financial_report_line_de_skr03_010403" model="account.financial.html.report.line">
        <field name="name">Entrichtete Einfuhrumsatzsteuer (§ 15 Abs. 1 Satz 1 Nr. 2 UStG)</field>
        <field name="code">DETAX03_62</field>
        <field name="sequence" eval="3"/>
        <field name="level" eval="2"/>
        <field name="domain" eval="[('tax_line_id.tag_ids', 'in', [ref('l10n_de.tag_de_28')])]"/>
        <field name="formulas">balance = - sum.balance</field>
        <field name="parent_id" ref="financial_report_line_de_skr03_0104"/>
        <field name="show_domain">never</field>
        <field name="special_date_changer">strict_range</field>
    </record>
    <record id="financial_report_line_de_skr03_010404" model="account.financial.html.report.line">
        <field name="name">Vorsteuerbetr., die nach allgemeinen Durchschnittssätzen berechnet sind (§§ 23 und 23a UStG)</field>
        <field name="code">DETAX03_63</field>
        <field name="sequence" eval="4"/>
        <field name="level" eval="2"/>
        <field name="formulas">balance = sum.balance</field>
        <field name="parent_id" ref="financial_report_line_de_skr03_0104"/>
        <field name="show_domain">never</field>
        <field name="special_date_changer">strict_range</field>
    </record>
    <record id="financial_report_line_de_skr03_010405" model="account.financial.html.report.line">
        <field name="name">Berichtigung des Vorsteuerabzugs (§ 15a UStG)</field>
        <field name="code">DETAX03_64</field>
        <field name="sequence" eval="5"/>
        <field name="level" eval="2"/>
        <field name="formulas">balance = sum.balance</field>
        <field name="parent_id" ref="financial_report_line_de_skr03_0104"/>
        <field name="show_domain">never</field>
        <field name="special_date_changer">strict_range</field>
    </record>
    <record id="financial_report_line_de_skr03_010406" model="account.financial.html.report.line">
        <field name="name">Vorsteuerb. a. Rechn. v. and. Untern. (§ 15 Abs. 1 S. 1 Nr. 1), a. Leist. i. S. d. § 13a Ab. 1 Nr. 6 (§ 15 Abs. 1 Satz 1 Nr. 5) u. a. i.g.Dreiecksgesch. (§ 25b Abs. 5 UStG)</field>
        <field name="code">DETAX03_66</field>
        <field name="sequence" eval="6"/>
        <field name="level" eval="2"/>
        <field name="domain" eval="[('tax_line_id.tag_ids', 'in', [ref('l10n_de.tag_de_31')])]"/>
        <field name="formulas">balance = - sum.balance</field>
        <field name="parent_id" ref="financial_report_line_de_skr03_0104"/>
        <field name="show_domain">never</field>
        <field name="special_date_changer">strict_range</field>
    </record>
    <record id="financial_report_line_de_skr03_02" model="account.financial.html.report.line">
        <field name="name">Bemessungsgrundlage</field>
        <field name="code">DETAX03_B</field>
        <field name="sequence" eval="2"/>
        <field name="level" eval="0"/>
        <field name="formulas">balance = DETAX03_BU.balance + DETAX03_BV.balance</field>
        <field name="financial_report_id" ref="financial_report_l10n_de_skr03"/>
        <field name="special_date_changer">strict_range</field>
    </record>
    <record id="financial_report_line_de_skr03_0201" model="account.financial.html.report.line">
        <field name="name">Umsatzsteuer</field>
        <field name="code">DETAX03_BU</field>
        <field name="sequence" eval="1"/>
        <field name="level" eval="1"/>
        <field name="formulas">balance = DETAX03_BZ19.balance + DETAX03_BZ33.balance + DETAX03_BZ39.balance + DETAX03_BZ46.balance</field>
        <field name="parent_id" ref="financial_report_line_de_skr03_02"/>
        <field name="special_date_changer">strict_range</field>
    </record>
    <record id="financial_report_line_de_skr03_020101" model="account.financial.html.report.line">
        <field name="name">Lieferungen u. sonst. Leistungen (einschl. unentgeltl. Wertabgaben)</field>
        <field name="code">DETAX03_BZ19</field>
        <field name="sequence" eval="1"/>
        <field name="level" eval="2"/>
        <field name="formulas">balance = DETAX03_BZ20.balance + DETAX03_BZ24.balance + DETAX03_BZ26.balance</field>
        <field name="parent_id" ref="financial_report_line_de_skr03_0201"/>
        <field name="special_date_changer">strict_range</field>
    </record>
    <record id="financial_report_line_de_skr03_02010101" model="account.financial.html.report.line">
        <field name="name">Steuerfreie Umsätze mit Vorsteuerabzug</field>
        <field name="code">DETAX03_BZ20</field>
        <field name="sequence" eval="1"/>
        <field name="level" eval="3"/>
        <field name="formulas">balance = DETAX03_41.balance + DETAX03_43.balance + DETAX03_44.balance + DETAX03_49.balance</field>
        <field name="parent_id" ref="financial_report_line_de_skr03_020101"/>
        <field name="special_date_changer">strict_range</field>
    </record>
    <record id="financial_report_line_de_skr03_0201010101" model="account.financial.html.report.line">
        <field name="name">Innergemeinsch. Lieferungen (§ 4 Nr. 1 Buchst. b UStG) an Abnehmer mit USt-IdNr</field>
        <field name="code">DETAX03_41</field>
        <field name="sequence" eval="1"/>
        <field name="level" eval="4"/>
        <field name="domain" eval="[('tax_ids.tag_ids', 'in', [ref('l10n_de.tag_de_36')])]"/>
        <field name="formulas">balance = - sum.balance</field>
        <field name="parent_id" ref="financial_report_line_de_skr03_02010101"/>
        <field name="show_domain">never</field>
        <field name="special_date_changer">strict_range</field>
    </record>
    <record id="financial_report_line_de_skr03_0201010102" model="account.financial.html.report.line">
        <field name="name">Weitere steuerf. Umsätze m. Vorsteuerabz. (z.B. Ausfuhrlief., Umsätze nach § 4 Nr. 2 bis 7 UStG)</field>
        <field name="code">DETAX03_43</field>
        <field name="sequence" eval="2"/>
        <field name="level" eval="4"/>
        <field name="domain" eval="[('tax_ids.tag_ids', 'in', [ref('l10n_de.tag_de_37')])]"/>
        <field name="formulas">balance = - sum.balance</field>
        <field name="parent_id" ref="financial_report_line_de_skr03_02010101"/>
        <field name="show_domain">never</field>
        <field name="special_date_changer">strict_range</field>
    </record>
    <record id="financial_report_line_de_skr03_0201010103" model="account.financial.html.report.line">
        <field name="name">neuer Fahrzeuge an Abnehmer ohne USt-IdNr</field>
        <field name="code">DETAX03_44</field>
        <field name="sequence" eval="3"/>
        <field name="level" eval="4"/>
        <field name="formulas">balance = sum.balance</field>
        <field name="parent_id" ref="financial_report_line_de_skr03_02010101"/>
        <field name="show_domain">never</field>
        <field name="special_date_changer">strict_range</field>
    </record>
    <record id="financial_report_line_de_skr03_0201010104" model="account.financial.html.report.line">
        <field name="name">neuer Fahrzeuge außerhalb eines Unternehmens (§ 2a UStG)</field>
        <field name="code">DETAX03_49</field>
        <field name="sequence" eval="4"/>
        <field name="level" eval="4"/>
        <field name="formulas">balance = sum.balance</field>
        <field name="parent_id" ref="financial_report_line_de_skr03_02010101"/>
        <field name="show_domain">never</field>
        <field name="special_date_changer">strict_range</field>
    </record>
    <record id="financial_report_line_de_skr03_02010102" model="account.financial.html.report.line">
        <field name="name">Steuerfreie Umsätze ohne Vorsteuerabzug</field>
        <field name="code">DETAX03_BZ24</field>
        <field name="sequence" eval="2"/>
        <field name="level" eval="3"/>
        <field name="formulas">balance = DETAX03_48.balance</field>
        <field name="parent_id" ref="financial_report_line_de_skr03_020101"/>
        <field name="special_date_changer">strict_range</field>
    </record>
    <record id="financial_report_line_de_skr03_0201010201" model="account.financial.html.report.line">
        <field name="name">Umsätze nach § 4 Nr. 8 bis 28 UStG</field>
        <field name="code">DETAX03_48</field>
        <field name="sequence" eval="1"/>
        <field name="level" eval="4"/>
        <field name="formulas">balance = sum.balance</field>
        <field name="parent_id" ref="financial_report_line_de_skr03_02010102"/>
        <field name="show_domain">never</field>
        <field name="special_date_changer">strict_range</field>
    </record>
    <record id="financial_report_line_de_skr03_02010103" model="account.financial.html.report.line">
        <field name="name">Steuerpflichtige Umsätze (Lief. u. sonst. Leist. einschl. unentgeltl. Wertabgaben)</field>
        <field name="code">DETAX03_BZ26</field>
        <field name="sequence" eval="3"/>
        <field name="level" eval="3"/>
        <field name="formulas">balance = DETAX03_35.balance + DETAX03_81.balance + DETAX03_86.balance + DETAX03_BZ30.balance</field>
        <field name="parent_id" ref="financial_report_line_de_skr03_020101"/>
        <field name="special_date_changer">strict_range</field>
    </record>
    <record id="financial_report_line_de_skr03_0201010301" model="account.financial.html.report.line">
        <field name="name">zu anderen Steuersätzen</field>
        <field name="code">DETAX03_35</field>
        <field name="sequence" eval="1"/>
        <field name="level" eval="4"/>
        <field name="formulas">balance = sum.balance</field>
        <field name="parent_id" ref="financial_report_line_de_skr03_02010103"/>
        <field name="show_domain">never</field>
        <field name="special_date_changer">strict_range</field>
    </record>
    <record id="financial_report_line_de_skr03_0201010302" model="account.financial.html.report.line">
        <field name="name">zum Steuersatz von 19 %</field>
        <field name="code">DETAX03_81</field>
        <field name="sequence" eval="2"/>
        <field name="level" eval="4"/>
        <field name="domain" eval="[('tax_ids.tag_ids', 'in', [ref('l10n_de.tag_de_44')])]"/>
        <field name="formulas">balance = - sum.balance</field>
        <field name="parent_id" ref="financial_report_line_de_skr03_02010103"/>
        <field name="show_domain">never</field>
        <field name="special_date_changer">strict_range</field>
    </record>
    <record id="financial_report_line_de_skr03_0201010303" model="account.financial.html.report.line">
        <field name="name">zum Steuersatz von 7%</field>
        <field name="code">DETAX03_86</field>
        <field name="sequence" eval="3"/>
        <field name="level" eval="4"/>
        <field name="domain" eval="[('tax_ids.tag_ids', 'in', [ref('l10n_de.tag_de_45')])]"/>
        <field name="formulas">balance = - sum.balance</field>
        <field name="parent_id" ref="financial_report_line_de_skr03_02010103"/>
        <field name="show_domain">never</field>
        <field name="special_date_changer">strict_range</field>
    </record>
    <record id="financial_report_line_de_skr03_0201010304" model="account.financial.html.report.line">
        <field name="name">Umsätze land- und forstwirtschaftlicher Betrieb nach § 24 UStG</field>
        <field name="code">DETAX03_BZ30</field>
        <field name="sequence" eval="4"/>
        <field name="level" eval="4"/>
        <field name="formulas">balance = DETAX03_76.balance + DETAX03_77.balance</field>
        <field name="parent_id" ref="financial_report_line_de_skr03_02010103"/>
        <field name="special_date_changer">strict_range</field>
    </record>
    <record id="financial_report_line_de_skr03_020101030401" model="account.financial.html.report.line">
        <field name="name">Umsätze, f. d. e. Steuer n. § 24 UStG zu entrichten ist (Sägewerkserz., Getränke und alkohol. Flüssigk., z.B. Wein)</field>
        <field name="code">DETAX03_76</field>
        <field name="sequence" eval="1"/>
        <field name="level" eval="5"/>
        <field name="formulas">balance = sum.balance</field>
        <field name="parent_id" ref="financial_report_line_de_skr03_0201010304"/>
        <field name="show_domain">never</field>
        <field name="special_date_changer">strict_range</field>
    </record>
    <record id="financial_report_line_de_skr03_020101030402" model="account.financial.html.report.line">
        <field name="name">Lieferungen in das übrige Gemeinschaftsgebiet an Abnehmer mit Ust-IdNr.</field>
        <field name="code">DETAX03_77</field>
        <field name="sequence" eval="2"/>
        <field name="level" eval="5"/>
        <field name="formulas">balance = sum.balance</field>
        <field name="parent_id" ref="financial_report_line_de_skr03_0201010304"/>
        <field name="show_domain">never</field>
        <field name="special_date_changer">strict_range</field>
    </record>
    <record id="financial_report_line_de_skr03_020102" model="account.financial.html.report.line">
        <field name="name">Innergemeinschaftliche Erwerbe</field>
        <field name="code">DETAX03_BZ33</field>
        <field name="sequence" eval="2"/>
        <field name="level" eval="2"/>
        <field name="formulas">balance = DETAX03_BZ34.balance + DETAX03_BZ35.balance</field>
        <field name="parent_id" ref="financial_report_line_de_skr03_0201"/>
        <field name="special_date_changer">strict_range</field>
    </record>
    <record id="financial_report_line_de_skr03_02010201" model="account.financial.html.report.line">
        <field name="name">Steuerfreie innergemeinschaftliche Erwerbe</field>
        <field name="code">DETAX03_BZ34</field>
        <field name="sequence" eval="1"/>
        <field name="level" eval="3"/>
        <field name="formulas">balance = DETAX03_91.balance</field>
        <field name="parent_id" ref="financial_report_line_de_skr03_020102"/>
        <field name="special_date_changer">strict_range</field>
    </record>
    <record id="financial_report_line_de_skr03_0201020101" model="account.financial.html.report.line">
        <field name="name">Erwerbe nach § 4b UStG</field>
        <field name="code">DETAX03_91</field>
        <field name="sequence" eval="1"/>
        <field name="level" eval="4"/>
        <field name="formulas">balance = sum.balance</field>
        <field name="parent_id" ref="financial_report_line_de_skr03_02010201"/>
        <field name="show_domain">never</field>
        <field name="special_date_changer">strict_range</field>
    </record>
    <record id="financial_report_line_de_skr03_02010202" model="account.financial.html.report.line">
        <field name="name">Steuerpflichtige innergemeinschaftliche Erwerbe</field>
        <field name="code">DETAX03_BZ35</field>
        <field name="sequence" eval="2"/>
        <field name="level" eval="3"/>
        <field name="formulas">balance = DETAX03_89.balance + DETAX03_93.balance + DETAX03_94.balance + DETAX03_95.balance</field>
        <field name="parent_id" ref="financial_report_line_de_skr03_020102"/>
        <field name="special_date_changer">strict_range</field>
    </record>
    <record id="financial_report_line_de_skr03_0201020201" model="account.financial.html.report.line">
        <field name="name">zum Steuersatz von 19 %</field>
        <field name="code">DETAX03_89</field>
        <field name="sequence" eval="1"/>
        <field name="level" eval="4"/>
        <field name="domain" eval="[('tax_ids.tag_ids', 'in', [ref('l10n_de.tag_de_53')])]"/>
        <field name="formulas">balance = - sum.balance</field>
        <field name="parent_id" ref="financial_report_line_de_skr03_02010202"/>
        <field name="show_domain">never</field>
        <field name="special_date_changer">strict_range</field>
    </record>
    <record id="financial_report_line_de_skr03_0201020202" model="account.financial.html.report.line">
        <field name="name">zum Steuersatz von 7%</field>
        <field name="code">DETAX03_93</field>
        <field name="sequence" eval="2"/>
        <field name="level" eval="4"/>
        <field name="formulas">balance = sum.balance</field>
        <field name="parent_id" ref="financial_report_line_de_skr03_02010202"/>
        <field name="show_domain">never</field>
        <field name="special_date_changer">strict_range</field>
    </record>
    <record id="financial_report_line_de_skr03_0201020203" model="account.financial.html.report.line">
        <field name="name">neue Fahrzeuge v. Lieferern ohne USt-IdNr. z. allg. Steuersatz</field>
        <field name="code">DETAX03_94</field>
        <field name="sequence" eval="3"/>
        <field name="level" eval="4"/>
        <field name="formulas">balance = sum.balance</field>
        <field name="parent_id" ref="financial_report_line_de_skr03_02010202"/>
        <field name="show_domain">never</field>
        <field name="special_date_changer">strict_range</field>
    </record>
    <record id="financial_report_line_de_skr03_0201020204" model="account.financial.html.report.line">
        <field name="name">zu anderen Steuersätzen</field>
        <field name="code">DETAX03_95</field>
        <field name="sequence" eval="4"/>
        <field name="level" eval="4"/>
        <field name="formulas">balance = sum.balance</field>
        <field name="parent_id" ref="financial_report_line_de_skr03_02010202"/>
        <field name="show_domain">never</field>
        <field name="special_date_changer">strict_range</field>
    </record>
    <record id="financial_report_line_de_skr03_020103" model="account.financial.html.report.line">
        <field name="name">Ergänzende Angaben zu Umsätzen</field>
        <field name="code">DETAX03_BZ39</field>
        <field name="sequence" eval="3"/>
        <field name="level" eval="2"/>
        <field name="formulas">balance = DETAX03_42.balance + DETAX03_45.balance + DETAX03_60.balance</field>
        <field name="parent_id" ref="financial_report_line_de_skr03_0201"/>
        <field name="special_date_changer">strict_range</field>
    </record>
    <record id="financial_report_line_de_skr03_02010301" model="account.financial.html.report.line">
        <field name="name">Lieferungen d. erst. Abnehmers b. innergemeinsch. Dreiecksgeschäften (§ 25b Abs. 2 UStG)</field>
        <field name="code">DETAX03_42</field>
        <field name="sequence" eval="1"/>
        <field name="level" eval="3"/>
        <field name="formulas">balance = sum.balance</field>
        <field name="parent_id" ref="financial_report_line_de_skr03_020103"/>
        <field name="show_domain">never</field>
        <field name="special_date_changer">strict_range</field>
    </record>
    <record id="financial_report_line_de_skr03_02010302" model="account.financial.html.report.line">
        <field name="name">Nicht steuerbare Umsätze (Leistungsort nicht im Inland)</field>
        <field name="code">DETAX03_45</field>
        <field name="sequence" eval="2"/>
        <field name="level" eval="3"/>
        <field name="domain" eval="[('tax_ids.tag_ids', 'in', [ref('l10n_de.tag_de_59')])]"/>
        <field name="formulas">balance = - sum.balance</field>
        <field name="parent_id" ref="financial_report_line_de_skr03_020103"/>
        <field name="show_domain">never</field>
        <field name="special_date_changer">strict_range</field>
    </record>
    <record id="financial_report_line_de_skr03_02010303" model="account.financial.html.report.line">
        <field name="name">Steuerpfl. Umsätze i. S. d. § 13b Abs. 1 Satz 1 Nr. 1 bis 5 UStG, für d. der Leistungsempf. d. Steuer schuldet</field>
        <field name="code">DETAX03_60</field>
        <field name="sequence" eval="3"/>
        <field name="level" eval="3"/>
        <field name="formulas">balance = sum.balance</field>
        <field name="parent_id" ref="financial_report_line_de_skr03_020103"/>
        <field name="show_domain">never</field>
        <field name="special_date_changer">strict_range</field>
    </record>
    <record id="financial_report_line_de_skr03_020104" model="account.financial.html.report.line">
        <field name="name">Umsätze, f. d. als Leistungsempf. die Steuer n. § 13b Abs. 2 UStG geschuld. wird</field>
        <field name="code">DETAX03_BZ46</field>
        <field name="sequence" eval="4"/>
        <field name="level" eval="2"/>
        <field name="formulas">balance = DETAX03_52.balance + DETAX03_73.balance + DETAX03_84.balance</field>
        <field name="parent_id" ref="financial_report_line_de_skr03_0201"/>
        <field name="special_date_changer">strict_range</field>
    </record>
    <record id="financial_report_line_de_skr03_02010401" model="account.financial.html.report.line">
        <field name="name">Leistungen e. i. Ausland ansässigen Unternehmers (§ 13b Abs. 1 Satz 1 Nr. 1 und 5 UStG)</field>
        <field name="code">DETAX03_52</field>
        <field name="sequence" eval="1"/>
        <field name="level" eval="3"/>
        <field name="formulas">balance = sum.balance</field>
        <field name="parent_id" ref="financial_report_line_de_skr03_020104"/>
        <field name="show_domain">never</field>
        <field name="special_date_changer">strict_range</field>
    </record>
    <record id="financial_report_line_de_skr03_02010402" model="account.financial.html.report.line">
        <field name="name">Liefer. sicherungsübereig. Gegenst. u. Umsätze, d. u. d. GrEStG fallen (§ 13b Abs. 1 Satz 1 Nr. 2 und 3 UStG)</field>
        <field name="code">DETAX03_73</field>
        <field name="sequence" eval="2"/>
        <field name="level" eval="3"/>
        <field name="formulas">balance = sum.balance</field>
        <field name="parent_id" ref="financial_report_line_de_skr03_020104"/>
        <field name="show_domain">never</field>
        <field name="special_date_changer">strict_range</field>
    </record>
    <record id="financial_report_line_de_skr03_02010403" model="account.financial.html.report.line">
        <field name="name">Bauleistung. e. i. Inland ans. Untern. (§ 13b Abs. 1 Satz 1 Nr. 4 UStG)</field>
        <field name="code">DETAX03_84</field>
        <field name="sequence" eval="3"/>
        <field name="level" eval="3"/>
        <field name="formulas">balance = sum.balance</field>
        <field name="parent_id" ref="financial_report_line_de_skr03_020104"/>
        <field name="show_domain">never</field>
        <field name="special_date_changer">strict_range</field>
    </record>
    <record id="financial_report_line_de_skr03_0202" model="account.financial.html.report.line">
        <field name="name">Vorsteuer (dient lediglich der Verprobung)</field>
        <field name="code">DETAX03_BV</field>
        <field name="sequence" eval="2"/>
        <field name="level" eval="1"/>
        <field name="formulas">balance = DETAX03_BAUS.balance + DETAX03_BRV.balance</field>
        <field name="parent_id" ref="financial_report_line_de_skr03_02"/>
        <field name="special_date_changer">strict_range</field>
    </record>
    <record id="financial_report_line_de_skr03_020201" model="account.financial.html.report.line">
        <field name="name">Einfuhren</field>
        <field name="code">DETAX03_BAUS</field>
        <field name="sequence" eval="1"/>
        <field name="level" eval="2"/>
        <field name="formulas">balance = DETAX03_BAUS19.balance + DETAX03_BAUS7.balance</field>
        <field name="parent_id" ref="financial_report_line_de_skr03_0202"/>
        <field name="special_date_changer">strict_range</field>
    </record>
    <record id="financial_report_line_de_skr03_02020101" model="account.financial.html.report.line">
        <field name="name">zum Steuersatz von 19 %</field>
        <field name="code">DETAX03_BAUS19</field>
        <field name="sequence" eval="1"/>
        <field name="level" eval="3"/>
        <field name="domain" eval="[('tax_ids.tag_ids', 'in', [ref('l10n_de.tag_de_67')])]"/>
        <field name="formulas">balance = - sum.balance</field>
        <field name="parent_id" ref="financial_report_line_de_skr03_020201"/>
        <field name="show_domain">never</field>
        <field name="special_date_changer">strict_range</field>
    </record>
    <record id="financial_report_line_de_skr03_02020102" model="account.financial.html.report.line">
        <field name="name">zum Steuersatz von 7 %</field>
        <field name="code">DETAX03_BAUS7</field>
        <field name="sequence" eval="2"/>
        <field name="level" eval="3"/>
        <field name="domain" eval="[('tax_ids.tag_ids', 'in', [ref('l10n_de.tag_de_68')])]"/>
        <field name="formulas">balance = - sum.balance</field>
        <field name="parent_id" ref="financial_report_line_de_skr03_020201"/>
        <field name="show_domain">never</field>
        <field name="special_date_changer">strict_range</field>
    </record>
    <record id="financial_report_line_de_skr03_020202" model="account.financial.html.report.line">
        <field name="name">Rech. v.a. Unt. (§15 Ab.1 S.1 Nr.1), Leistg. i.S. §13a Ab.1 Nr.6 (§ 15 Ab.1 S.1 Nr.5) und i.g. Dreiecksgeschäfte (§25b Ab. 5)</field>
        <field name="code">DETAX03_BRV</field>
        <field name="sequence" eval="2"/>
        <field name="level" eval="2"/>
        <field name="formulas">balance = DETAX03_BRV19.balance + DETAX03_BRV7.balance</field>
        <field name="parent_id" ref="financial_report_line_de_skr03_0202"/>
        <field name="special_date_changer">strict_range</field>
    </record>
    <record id="financial_report_line_de_skr03_02020201" model="account.financial.html.report.line">
        <field name="name">L+L zum Steuersatz von 19 %</field>
        <field name="code">DETAX03_BRV19</field>
        <field name="sequence" eval="1"/>
        <field name="level" eval="3"/>
        <field name="domain" eval="[('tax_ids.tag_ids', 'in', [ref('l10n_de.tag_de_70')])]"/>
        <field name="formulas">balance = - sum.balance</field>
        <field name="parent_id" ref="financial_report_line_de_skr03_020202"/>
        <field name="show_domain">never</field>
        <field name="special_date_changer">strict_range</field>
    </record>
    <record id="financial_report_line_de_skr03_02020202" model="account.financial.html.report.line">
        <field name="name">L+L zum Steuersatz von 7 %</field>
        <field name="code">DETAX03_BRV7</field>
        <field name="sequence" eval="2"/>
        <field name="level" eval="3"/>
        <field name="domain" eval="[('tax_ids.tag_ids', 'in', [ref('l10n_de.tag_de_71')])]"/>
        <field name="formulas">balance = - sum.balance</field>
        <field name="parent_id" ref="financial_report_line_de_skr03_020202"/>
        <field name="show_domain">never</field>
        <field name="special_date_changer">strict_range</field>
    </record>

</odoo>
