<?xml version="1.0" encoding="utf-8"?>
<odoo noupdate="1">

    <record id="helpdesk_team1" model="helpdesk.team">
        <field name="name">Support</field>
    </record>

    <!-- stage "New" gets created by default with sequence 0-->
    <record id="stage_in_progress" model="helpdesk.stage">
        <field name="name">In Progress</field>
        <field name="sequence">1</field>
        <field name="team_ids" eval="[(4, ref('helpdesk_team1'))]"/>
        <field name="is_close" eval="False"/>
    </record>
    <record id="stage_solved" model="helpdesk.stage">
        <field name="name">Solved</field>
        <field name="team_ids" eval="[(4, ref('helpdesk_team1'))]"/>
        <field name="sequence">2</field>
        <field name="is_close" eval="True"/>
    </record>
    <record id="stage_cancelled" model="helpdesk.stage">
        <field name="name">Cancelled</field>
        <field name="sequence">3</field>
        <field name="team_ids" eval="[(4, ref('helpdesk_team1'))]"/>
        <field name="is_close" eval="True"/>
        <field name="fold" eval="True"/>
    </record>

    <record id="type_question" model="helpdesk.ticket.type">
        <field name="name">Question</field>
    </record>
    <record id="type_incident" model="helpdesk.ticket.type">
        <field name="name">Issue</field>
    </record>

    <!-- Ticket related subtypes for messaging / Chatter -->
    <record id="mt_ticket_new" model="mail.message.subtype">
        <field name="name">Ticket Created</field>
        <field name="sequence">0</field>
        <field name="res_model">helpdesk.ticket</field>
        <field name="default" eval="False"/>
        <field name="hidden" eval="True"/>
        <field name="description">Ticket created</field>
    </record>
    <record id="mt_ticket_assigned" model="mail.message.subtype">
        <field name="name">Ticket Assigned</field>
        <field name="sequence">5</field>
        <field name="res_model">helpdesk.ticket</field>
        <field name="default" eval="False"/>
        <field name="internal" eval="True"/>
        <field name="description">Ticket created</field>
    </record>
    <record id="mt_ticket_stage" model="mail.message.subtype">
        <field name="name">Stage Changed</field>
        <field name="sequence">10</field>
        <field name="res_model">helpdesk.ticket</field>
        <field name="default" eval="False"/>
        <field name="internal" eval="True"/>
        <field name="description">Status Changed</field>
    </record>

    <!-- Team related subtypes for messaging / Chatter -->
    <record id="mt_team_ticket_new" model="mail.message.subtype">
        <field name="name">Ticket Created</field>
        <field name="sequence">0</field>
        <field name="res_model">helpdesk.team</field>
        <field name="default" eval="True"/>
        <field name="parent_id" eval="ref('mt_ticket_new')"/>
        <field name="relation_field">team_id</field>
    </record>
    <record id="mt_team_ticket_assigned" model="mail.message.subtype">
        <field name="name">Ticket Assigned</field>
        <field name="sequence">5</field>
        <field name="res_model">helpdesk.team</field>
        <field name="default" eval="False"/>
        <field name="internal" eval="True"/>
        <field name="parent_id" eval="ref('mt_ticket_assigned')"/>
        <field name="relation_field">team_id</field>
    </record>
    <record id="mt_team_ticket_stage" model="mail.message.subtype">
        <field name="name">Ticket Stage Changed</field>
        <field name="sequence">10</field>
        <field name="res_model">helpdesk.team</field>
        <field name="default" eval="False"/>
        <field name="internal" eval="True"/>
        <field name="parent_id" eval="ref('mt_ticket_stage')"/>
        <field name="relation_field">team_id</field>
    </record>

    <record id="new_ticket_request_email_template" model="mail.template">
        <field name="name">New Ticket Request</field>
        <field name="email_from">${object.user_id.email_formatted | safe}</field>
        <field name="subject">${object.display_name}</field>
        <field name="model_id" ref="helpdesk.model_helpdesk_ticket"/>
        <field name="email_to">${('' if object.partner_id and object.sudo().partner_id.email and object.sudo().partner_id.email==object.partner_email else object.partner_email|safe)}</field>
        <field name="partner_to">${object.partner_id and object.sudo().partner_id.email and object.sudo().partner_id.email==object.partner_email and object.sudo().partner_id.id or False}</field>
        <field name="auto_delete" eval="False"/>
        <field name="body_html" type="xml">
<div style="max-width:600px; height:auto; margin-left:30px;">
    <div style="margin-left:30px;align=center;">
        This is an automatic message:<br />
        Dear ${object.sudo().partner_id.name or 'Madam, Sir'},
    </div>
    <div style="margin-left:30px;align=center;" width="60%">
        Your request
        % if object.access_token:
        <a href="/helpdesk/ticket/${object.id}/${object.access_token}">${object.name}</a>
        % endif
        has been received and is being reviewed by our ${object.team_id.name or ''} team.
        The reference of your ticket is ${object.id}.
        <br />To add additional comments, reply to this email.
    </div><br />
    <span style="margin-left:30px;font-weight:normal;">Thank you </span>
    <span style="margin-left:30px;font-weight:normal;">${object.team_id.name or 'Helpdesk'} Team.</span>
</div>
        </field>
    </record>

    <record id="solved_ticket_request_email_template" model="mail.template">
        <field name="name">Solved Ticket Request</field>
        <field name="email_from">${object.user_id.email_formatted | safe}</field>
        <field name="subject">${object.display_name}</field>
        <field name="model_id" ref="helpdesk.model_helpdesk_ticket"/>
        <field name="email_to">${('' if object.partner_id and object.sudo().partner_id.email and object.sudo().partner_id.email==object.partner_email else object.partner_email|safe)}</field>
        <field name="partner_to">${object.partner_id and object.sudo().partner_id.email and object.sudo().partner_id.email==object.partner_email and object.sudo().partner_id.id or False}</field>
        <field name="auto_delete" eval="False"/>
        <field name="body_html" type="xml">
<div style="max-width:600px; height:auto; margin-left:30px;">
    <div style="margin-left:30px;align=center;">
        Dear ${object.sudo().partner_id.name or 'Madam, Sir'},
    </div>
    <div style="margin-left:30px;align=center;" width="60%">
        This automatic message informs you that we have closed your ticket (reference ${object.id}).

        We hope that the services provided have met your expectations.
        If you have any more questions or comments, don't hesitate to reply to this e-mail to re-open your ticket.

        Thank you for your cooperation.
    </div><br />
    <span style="margin-left:30px;font-weight:normal;">Kind regards, </span>
    <span style="margin-left:30px;font-weight:normal;">${object.team_id.name or 'Helpdesk'} Team.</span>
</div>
        </field>
    </record>

    <record id="rating_ticket_request_email_template" model="mail.template">
        <field name="name">Ticket: Rating Request (requires rating enabled on team)</field>
        <field name="email_from">${object.rating_get_rated_partner_id().email_formatted | safe}</field>
        <field name="subject">${object.company_id.name or object.user_id.company_id.name or 'Helpdesk'}: Service Rating Request</field>
        <field name="model_id" ref="helpdesk.model_helpdesk_ticket"/>
        <field name="email_to">${('' if object.partner_id and object.sudo().partner_id.email and object.sudo().partner_id.email==object.partner_email else object.partner_email|safe)}</field>
        <field name="partner_to">${object.partner_id and object.sudo().partner_id.email and object.sudo().partner_id.email==object.partner_email and object.sudo().partner_id.id or False}</field>
        <field name="auto_delete" eval="True"/>
        <field name="body_html" type="xml">
<div style="background:#F0F0F0;color:#515166;padding:10px 0px;font-family:Arial,Helvetica,sans-serif;font-size:14px;">
% set access_token = object.rating_get_access_token()
    <table style="width:600px;margin:5px auto;">
        <tbody>
            <tr><td>
                <a href="/"><img src="/web/binary/company_logo" style="vertical-align:baseline;max-width:100px;" /></a>
            </td><td style="text-align:right;vertical-align:middle;">
                    Satisfaction Survey
            </td></tr>
        </tbody>
    </table>
    <table style="width:600px;margin:0px auto;background:white;border:1px solid #e1e1e1;">
        <tbody>
            <tr><td style="padding:15px 20px 10px 20px;">
                <p>Hello,</p>
                <p>Please take a moment to rate our services related to the ticket "<strong>${object.name}</strong>"
                   assigned to <strong>${object.rating_get_rated_partner_id().name}</strong>.</p>
                <p>We appreciate your feedback. It helps us to improve continuously.</p>
            </td></tr>
            <tr><td style="padding:10px 20px">
                <table summary="o_mail_notification" style="width:100%;border-top:1px solid #e1e1e1;">
                    <tr>
                        <td style="text-align:center;">
                            <h2 style="font-weight:300;font-size:18px;">
                                Tell us how you feel about our service:
                            </h2>
                            <div style="text-color: #888888">(click on one of these smileys)</div>
                        </td>
                    </tr>
                    <tr>
                        <td style="padding:10px 10px;">
                            <table style="width:100%;text-align:center;">
                                <tr>
                                    <td>
                                        <a href="/rating/${access_token}/10">
                                            <img alt="Satisfied" src="/rating/static/src/img/rating_10.png" title="Satisfied"/>
                                        </a>
                                    </td>
                                    <td>
                                        <a href="/rating/${access_token}/5">
                                            <img alt="Not satisfied" src="/rating/static/src/img/rating_5.png" title="Not satisfied"/>
                                        </a>
                                    </td>
                                    <td>
                                        <a href="/rating/${access_token}/1">
                                            <img alt="Highly Dissatisfied" src="/rating/static/src/img/rating_1.png" title="Highly Dissatisfied"/>
                                        </a>
                                    </td>
                                </tr>
                            </table>
                        </td>
                    </tr>
                </table>
            </td></tr>
            <tr><td style="padding:15px 20px 10px 20px;">${(object.user_id.signature or '') | safe}</td></tr>
        </tbody>
    </table>
    <table style="width:600px;margin:auto;text-align:center;font-size:12px;">
        <tbody>
            <tr><td style="padding-top:10px;color:#afafaf;">
                <p>This customer survey has been sent because your ticket has been moved to the stage <b>${object.stage_id.name}</b></p>
                <p>Email automatically sent by <a href="https://www.odoo.com/page/helpdesk" style="color:#875A7B;text-decoration:none;">Odoo Helpdesk</a> for <a href="${object.team_id.company_id.website}" style="color:#875A7B;text-decoration:none;">${object.team_id.company_id.name}</a></p>
            </td></tr>
        </tbody>
    </table>
</div>
        </field>
    </record>
</odoo>
