<?xml version="1.0" encoding='UTF-8'?>
<odoo>
    <record id="helpdesk_sla_cron" model="ir.cron">
        <field name="name">Compute SLA</field>
        <field name="interval_number">1</field>
        <field name="interval_type">hours</field>
        <field name="numbercall">-1</field>
        <field name="doall" eval="False"/>
        <field name="model" eval="'helpdesk.ticket'"/>
        <field name="function" eval="'recompute_all'"/>
        <field name="args" eval="'()'" />
    </record>
</odoo>