<?xml version="1.0" encoding="utf-8"?>
<odoo>

    <record id="base.module_category_helpdesk" model="ir.module.category">
        <field name="sequence">14</field>
    </record>

    <record id="group_helpdesk_user" model="res.groups">
        <field name="name">User</field>
        <field name="implied_ids" eval="[(4, ref('base.group_user'))]"/>
        <field name="category_id" ref="base.module_category_helpdesk"/>
    </record>

    <record id="group_helpdesk_manager" model="res.groups">
        <field name="name">Manager</field>
        <field name="category_id" ref="base.module_category_helpdesk"/>
        <field name="implied_ids" eval="[(4, ref('group_helpdesk_user'))]"/>
        <field name="users" eval="[(4, ref('base.user_root'))]"/>
    </record>

    <record id="group_use_sla" model="res.groups">
        <field name="name">Show SLA Policies</field>
        <field name="category_id" ref="base.module_category_hidden"/>
    </record>

    <record id="base.default_user" model="res.users">
        <field name="groups_id" eval="[(4, ref('helpdesk.group_helpdesk_manager'))]"/>
    </record>

    <data noupdate="1">
        <!-- Manager gets all team access rights -->
        <record id="helpdesk_manager_rule" model="ir.rule">
            <field name="name">Helpdesk Manager</field>
            <field name="model_id" ref="model_helpdesk_team"/>
            <field name="domain_force">[(1,'=',1)]</field>
            <field name="groups" eval="[(4, ref('group_helpdesk_manager'))]"/>
        </record>
        <!-- user only gets to read his own teams (or open teams) -->
        <record id="helpdesk_user_rule" model="ir.rule">
            <field name="name">Helpdesk User</field>
            <field name="model_id" ref="model_helpdesk_team"/>
            <field name="domain_force">['|', ('member_ids','in', user.id), ('member_ids','=', False)]</field>
            <field name="perm_read" eval="True"/>
            <field name="perm_write" eval="False"/>
            <field name="perm_create" eval="False"/>
            <field name="perm_unlink" eval="False"/>
            <field name="groups" eval="[(4, ref('group_helpdesk_user'))]"/>
        </record>
        <!-- Split by company on tickets, teams and SLAs -->
        <record id="helpdesk_ticket_company_rule" model="ir.rule">
            <field name="name">Project: multi-company</field>
            <field name="model_id" ref="model_helpdesk_ticket"/>
            <field name="global" eval="True"/>
            <field name="domain_force">['|',
                                            ('company_id', '=', False),
                                            ('company_id', 'child_of', [user.company_id.id]),
                                        ]</field>
        </record>
        <record model="ir.rule">
            <field name="name">Project: multi-company</field>
            <field name="model_id" ref="model_helpdesk_team"/>
            <field name="global" eval="True"/>
            <field name="domain_force">['|',
                                            ('company_id', '=', False),
                                            ('company_id', 'child_of', [user.company_id.id]),
                                        ]</field>
        </record>
        <record id="helpdesk_sla_company_rule" model="ir.rule">
            <field name="name">Project: multi-company</field>
            <field name="model_id" ref="model_helpdesk_sla"/>
            <field name="global" eval="True"/>
            <field name="domain_force">['|',
                                            ('company_id', '=', False),
                                            ('company_id', 'child_of', [user.company_id.id]),
                                        ]</field>
        </record>
    </data>
</odoo>
