<?xml version="1.0" encoding="UTF-8"?>
<templates>
    <!--
        This template is the ribbon at the top of the helpdesk dashboard that adds
        some figures to it. We call this rubbon the "HelpdeskDashboard".
    -->
    <t t-name="helpdesk.HelpdeskDashboard">
        <div t-if="show_demo or values" class="o_helpdesk_dashboard">
            <div t-attf-class="#{show_demo ? 'o_demo' : ''}">
                <table class="table table-condensed">
                    <tr>
                        <td class="o_text">
                            <div class="o_highlight">My Tickets</div>
                        </td>
                        <td class="o_main" title="My open tickets">
                            <a href="#" class="o_dashboard_action" name="helpdesk.helpdesk_ticket_action_main">
                                <span class="o_highlight"><t t-esc="values['my_all']['count']"/></span><br/>
                                Tickets
                            </a>
                        </td>
                        <td class="o_main" title="My high priority tickets">
                            <a href="#" class="o_dashboard_action" name="helpdesk.helpdesk_ticket_action_high_priorities">
                                <span class="o_highlight"><t t-esc="values['my_high']['count']"/></span><br/>
                                High Priority (<span class="fa fa-star" style="color: gold"/><span class="fa fa-star" style="color: gold"/>)
                            </a>
                        </td>
                        <td title="My urgent tickets" class="o_main">
                            <a href="#" class="o_dashboard_action" name="helpdesk.helpdesk_ticket_action_urgent">
                                <span class="o_highlight"><t t-esc="values['my_urgent']['count']"/></span><br/>
                                Urgent (<span class="fa fa-star" style="color: gold"/><span class="fa fa-star" style="color: gold"/><span class="fa fa-star" style="color: gold"/>)
                            </a>
                        </td>
                    </tr>
                    <tr>
                        <td class="o_text">Avg Open Hours</td>
                        <td class="o_main">
                            <a href="#" class="o_dashboard_action" name="helpdesk.helpdesk_ticket_action_dashboard"><t t-esc="values['my_all']['hours']"/></a>
                        </td>
                        <td class="o_main">
                            <a href="#" class="o_dashboard_action" name="helpdesk.helpdesk_ticket_action_dashboard_high_priority">
                                <t t-esc="values['my_high']['hours']"/>
                            </a>
                        </td>
                        <td class="o_main">
                            <a href="#" class="o_dashboard_action" name="helpdesk.helpdesk_ticket_action_dashboard_urgent">
                                <t t-esc="values['my_urgent']['hours']"/>
                            </a>
                        </td>
                    </tr>
                    <tr>
                        <td class="o_text" t-if="success_rate_enable">SLA Failed</td>
                        <td t-if="success_rate_enable" t-att-class="(values['my_all']['failed'] ? 'o_warning' : 'o_main')" title="View failed tickets">
                            <a href="#" class="o_dashboard_action" name="helpdesk.helpdesk_ticket_action_sla" data-extra="overdue">
                                <t t-esc="values['my_all']['failed']"/>
                            </a>
                        </td>
                        <td t-if="success_rate_enable" t-att-class="(values['my_high']['failed'] ? 'o_warning' : 'o_main')" title="View high priority failed tickets">
                            <a href="#" class="o_dashboard_action" name="helpdesk.helpdesk_ticket_action_sla_high" data-extra="overdue">
                                <t t-esc="values['my_high']['failed']"/>
                            </a>
                        </td>
                        <td t-if="success_rate_enable" t-att-class="(values['my_urgent']['failed'] ? 'o_warning' : 'o_main')" title="View urgent failed tickets">
                            <a href="#" class="o_dashboard_action" name="helpdesk.helpdesk_ticket_action_sla_urgent" data-extra="overdue">
                                <t t-esc="values['my_urgent']['failed']"/>
                            </a>
                        </td>
                    </tr>
                </table>

            </div><div t-attf-class="#{show_demo ? 'o_demo' : ''}">
                <table class="hidden-xs table table-condensed">
                    <tr>
                        <td class="o_text">
                            <div class="o_highlight">My Performance</div>
                            Today
                        </td>
                        <td title="Performance Report" t-att-class="(values and values['helpdesk_target_closed'] and values['today']['count'] >=values['helpdesk_target_closed'])?'o_main':'o_secondary'">
                            <a href="#" class="o_dashboard_action" name="helpdesk.helpdesk_ticket_action_close_analysis">
                                <span class="o_highlight">
                                    <t t-esc="values['today']['count']"/>
                                </span><br/>
                                Closed Tickets
                            </a>
                        </td>
                        <td t-if="rating_enable" title="Customer satisfaction analysis" t-att-class="(values and values['helpdesk_target_rating'] and values['helpdesk_target_rating'] &lt;= values['today']['rating'])?'o_main':'o_secondary'">
                            <a href="#" class="o_dashboard_action" name="helpdesk_rating_today" type="object">
                                <span class="o_highlight">
                                    <t t-esc="values['today']['rating']"/> / 10
                                </span><br/>
                                Customer Rating

                            </a>
                        </td>
                        <td t-if="success_rate_enable" title="Performance Report" t-att-class="(values and values['helpdesk_target_success'] and values['helpdesk_target_success'] &lt;= values['today']['success'])?'o_main':'o_secondary'">
                            <a href="#" class="o_dashboard_action" name="helpdesk.helpdesk_ticket_action_success">
                                <span class="o_highlight">
                                    <t t-esc="values['today']['success']"/>%
                                </span><br/>
                                Success Rate
                            </a>
                        </td>
                    </tr>
                    <tr>
                        <td class="o_text">Avg 7 days</td>
                        <td class="o_secondary">
                            <a href="#" class="o_dashboard_action" name="helpdesk.helpdesk_ticket_action_7days_analysis">
                                <t t-esc="values['7days']['count']"/>
                            </a>
                        </td>
                        <td t-if="rating_enable" class="o_secondary">
                            <a href="#" class="o_dashboard_action" name="helpdesk_rating_7days">
                                <t t-esc="values['7days']['rating']"/> / 10
                            </a>
                        </td>
                        <td t-if="success_rate_enable" class="o_secondary">
                            <a href="#" class="o_dashboard_action" name="helpdesk.helpdesk_ticket_action_7dayssuccess">
                                <t t-esc="values['7days']['success']"/>%
                            </a>
                        </td>
                    </tr><tr>
                        <td class="o_text">Daily Target</td>
                        <td class="o_secondary">
                            <span t-if="!show_demo" class="o_target_to_set" name='helpdesk_target_closed' t-att-value="values['helpdesk_target_closed'] ? values['helpdesk_target_closed'] : undefined" title="Click to set">
                                <t t-if="values['helpdesk_target_closed']">
                                    <t t-esc="values['helpdesk_target_closed']"/>
                                </t>
                                <t t-if="!values['helpdesk_target_closed']">
                                    Click to set
                                </t>
                            </span>
                            <span t-if="show_demo">
                                100
                            </span>
                        </td>
                        <td class="o_secondary" t-if="rating_enable">
                            <span t-if="!show_demo" class="o_target_to_set" name='helpdesk_target_rating' t-att-value="values['helpdesk_target_rating'] ? values['helpdesk_target_rating'] : undefined" title="Click to set">
                                <t t-if="values['helpdesk_target_rating']">
                                    <t t-esc="values['helpdesk_target_rating']"/>
                                </t>
                                <t t-if="!values['helpdesk_target_rating']">
                                    Click to set
                                </t>
                            </span>
                            <span t-if="show_demo">
                                100
                            </span>
                        </td>
                        <td class="o_secondary" t-if="success_rate_enable">
                            <span t-if="!show_demo" class="o_target_to_set" name='helpdesk_target_success' t-att-value="values['helpdesk_target_success'] ? values['helpdesk_target_success'] : undefined" title="Click to set">
                                <t t-if="values['helpdesk_target_success']">
                                    <t t-esc="values['helpdesk_target_success']"/>
                                </t>
                                <t t-if="!values['helpdesk_target_success']">
                                    Click to set
                                </t>
                            </span>
                            <span t-if="show_demo">
                                100
                            </span>
                        </td>
                    </tr>
                </table>
            </div>

            <div t-if="show_demo" class="o_welcome_message">
                <div class="o_welcome_image">
                    <i class="fa fa-smile-o fa-5x"></i>
                </div>
                <div class="o_welcome_content">
                    <h2>Hi there.</h2>
                    <h4>Ready to boost your customer service?</h4>
                    <h4>This dashboard will activate once you have created your first ticket.</h4>
                </div>
            </div>
        </div>
    </t>
</templates>
