<?xml version="1.0" encoding="utf-8"?>
<odoo>
    <record id="financial_report_l10n_cl" model="account.financial.html.report">
        <field name="name">Chile Impuestos</field>
        <field name="report_type">date_range</field>
        <field name='parent_id' ref='l10n_cl.account_reports_cl_statements_menu'/>
        <field name="tax_report" eval="1"/>
    </record>
    <record id="financial_report_line_cl_01" model="account.financial.html.report.line">
        <field name="name">Impuestos Directos a Pagar</field>
        <field name="code">CLTAX_01</field>
        <field name="sequence" eval="1"/>
        <field name="level" eval="0"/>
        <field name="formulas">balance = CLTAX_0101.balance</field>
        <field name="financial_report_id" ref="financial_report_l10n_cl"/>
        <field name="special_date_changer">strict_range</field>
    </record>
    <record id="financial_report_line_cl_0101" model="account.financial.html.report.line">
        <field name="name">Impuesto a la Renta Primera Categoría a Pagar</field>
        <field name="code">CLTAX_0101</field>
        <field name="sequence" eval="1"/>
        <field name="level" eval="1"/>
        <field name="formulas">balance = sum.balance</field>
        <field name="parent_id" ref="financial_report_line_cl_01"/>
        <field name="show_domain">never</field>
        <field name="special_date_changer">strict_range</field>
    </record>
    <record id="financial_report_line_cl_02" model="account.financial.html.report.line">
        <field name="name">Impuesto General a las Ventas (IVA) Total a Pagar</field>
        <field name="code">CLTAX_02</field>
        <field name="sequence" eval="2"/>
        <field name="level" eval="0"/>
        <field name="formulas">balance = CLTAX_0201.balance + CLTAX_0202.balance</field>
        <field name="financial_report_id" ref="financial_report_l10n_cl"/>
        <field name="special_date_changer">strict_range</field>
    </record>
    <record id="financial_report_line_cl_0201" model="account.financial.html.report.line">
        <field name="name">Impuesto Pagado</field>
        <field name="code">CLTAX_0201</field>
        <field name="sequence" eval="1"/>
        <field name="level" eval="1"/>
        <field name="formulas">balance = CLTAX_020101.balance + CLTAX_020102.balance + CLTAX_020103.balance</field>
        <field name="parent_id" ref="financial_report_line_cl_02"/>
        <field name="special_date_changer">strict_range</field>
    </record>
    <record id="financial_report_line_cl_020101" model="account.financial.html.report.line">
        <field name="name">Impuesto Pagado IVA</field>
        <field name="code">CLTAX_020101</field>
        <field name="sequence" eval="1"/>
        <field name="level" eval="2"/>
        <field name="domain" eval="[('tax_line_id.tag_ids', 'in', [ref('l10n_cl.tag_cl_05')])]"/>
        <field name="formulas">balance = sum.balance</field>
        <field name="parent_id" ref="financial_report_line_cl_0201"/>
        <field name="show_domain">never</field>
        <field name="special_date_changer">strict_range</field>
    </record>
    <record id="financial_report_line_cl_020102" model="account.financial.html.report.line">
        <field name="name">Impuesto Pagado de Exonerados al IVA</field>
        <field name="code">CLTAX_020102</field>
        <field name="sequence" eval="2"/>
        <field name="level" eval="2"/>
        <field name="formulas">balance = sum.balance</field>
        <field name="parent_id" ref="financial_report_line_cl_0201"/>
        <field name="show_domain">never</field>
        <field name="special_date_changer">strict_range</field>
    </record>
    <record id="financial_report_line_cl_020103" model="account.financial.html.report.line">
        <field name="name">Impuesto Pagado Fuera de Ámbito</field>
        <field name="code">CLTAX_020103</field>
        <field name="sequence" eval="3"/>
        <field name="level" eval="2"/>
        <field name="formulas">balance = sum.balance</field>
        <field name="parent_id" ref="financial_report_line_cl_0201"/>
        <field name="show_domain">never</field>
        <field name="special_date_changer">strict_range</field>
    </record>
    <record id="financial_report_line_cl_0202" model="account.financial.html.report.line">
        <field name="name">Impuesto Cobrado</field>
        <field name="code">CLTAX_0202</field>
        <field name="sequence" eval="2"/>
        <field name="level" eval="1"/>
        <field name="formulas">balance = CLTAX_020201.balance + CLTAX_020202.balance + CLTAX_020203.balance</field>
        <field name="parent_id" ref="financial_report_line_cl_02"/>
        <field name="special_date_changer">strict_range</field>
    </record>
    <record id="financial_report_line_cl_020201" model="account.financial.html.report.line">
        <field name="name">Impuesto Cobrado IVA</field>
        <field name="code">CLTAX_020201</field>
        <field name="sequence" eval="1"/>
        <field name="level" eval="2"/>
        <field name="domain" eval="[('tax_line_id.tag_ids', 'in', [ref('l10n_cl.tag_cl_09')])]"/>
        <field name="formulas">balance = - sum.balance</field>
        <field name="parent_id" ref="financial_report_line_cl_0202"/>
        <field name="show_domain">never</field>
        <field name="special_date_changer">strict_range</field>
    </record>
    <record id="financial_report_line_cl_020202" model="account.financial.html.report.line">
        <field name="name">Impuesto Cobrado de Exonerados al IVA</field>
        <field name="code">CLTAX_020202</field>
        <field name="sequence" eval="2"/>
        <field name="level" eval="2"/>
        <field name="formulas">balance = sum.balance</field>
        <field name="parent_id" ref="financial_report_line_cl_0202"/>
        <field name="show_domain">never</field>
        <field name="special_date_changer">strict_range</field>
    </record>
    <record id="financial_report_line_cl_020203" model="account.financial.html.report.line">
        <field name="name">Impuesto Cobrado Fuera de Ámbito</field>
        <field name="code">CLTAX_020203</field>
        <field name="sequence" eval="3"/>
        <field name="level" eval="2"/>
        <field name="formulas">balance = sum.balance</field>
        <field name="parent_id" ref="financial_report_line_cl_0202"/>
        <field name="show_domain">never</field>
        <field name="special_date_changer">strict_range</field>
    </record>
    <record id="financial_report_line_cl_03" model="account.financial.html.report.line">
        <field name="name">Base Imponible</field>
        <field name="code">CLTAX_03</field>
        <field name="sequence" eval="3"/>
        <field name="level" eval="0"/>
        <field name="formulas">balance = CLTAX_0301.balance + CLTAX_0302.balance</field>
        <field name="financial_report_id" ref="financial_report_l10n_cl"/>
        <field name="special_date_changer">strict_range</field>
    </record>
    <record id="financial_report_line_cl_0301" model="account.financial.html.report.line">
        <field name="name">Base Imponible - Ventas</field>
        <field name="code">CLTAX_0301</field>
        <field name="sequence" eval="1"/>
        <field name="level" eval="1"/>
        <field name="formulas">balance = CLTAX_030101.balance + CLTAX_030102.balance + CLTAX_030103.balance</field>
        <field name="parent_id" ref="financial_report_line_cl_03"/>
        <field name="special_date_changer">strict_range</field>
    </record>
    <record id="financial_report_line_cl_030101" model="account.financial.html.report.line">
        <field name="name">Ventas Gravadas con IVA</field>
        <field name="code">CLTAX_030101</field>
        <field name="sequence" eval="1"/>
        <field name="level" eval="2"/>
        <field name="domain" eval="[('tax_ids.tag_ids', 'in', [ref('l10n_cl.tag_cl_14')])]"/>
        <field name="formulas">balance = - sum.balance</field>
        <field name="parent_id" ref="financial_report_line_cl_0301"/>
        <field name="show_domain">never</field>
        <field name="special_date_changer">strict_range</field>
    </record>
    <record id="financial_report_line_cl_030102" model="account.financial.html.report.line">
        <field name="name">Ventas NO Gravadas (Exoneradas)</field>
        <field name="code">CLTAX_030102</field>
        <field name="sequence" eval="2"/>
        <field name="level" eval="2"/>
        <field name="formulas">balance = sum.balance</field>
        <field name="parent_id" ref="financial_report_line_cl_0301"/>
        <field name="show_domain">never</field>
        <field name="special_date_changer">strict_range</field>
    </record>
    <record id="financial_report_line_cl_030103" model="account.financial.html.report.line">
        <field name="name">Ventas Gravadas Fuera de Ámbito</field>
        <field name="code">CLTAX_030103</field>
        <field name="sequence" eval="3"/>
        <field name="level" eval="2"/>
        <field name="formulas">balance = sum.balance</field>
        <field name="parent_id" ref="financial_report_line_cl_0301"/>
        <field name="show_domain">never</field>
        <field name="special_date_changer">strict_range</field>
    </record>
    <record id="financial_report_line_cl_0302" model="account.financial.html.report.line">
        <field name="name">Base Imponible - Compras</field>
        <field name="code">CLTAX_0302</field>
        <field name="sequence" eval="2"/>
        <field name="level" eval="1"/>
        <field name="formulas">balance = CLTAX_030201.balance + CLTAX_030202.balance + CLTAX_030203.balance</field>
        <field name="parent_id" ref="financial_report_line_cl_03"/>
        <field name="special_date_changer">strict_range</field>
    </record>
    <record id="financial_report_line_cl_030201" model="account.financial.html.report.line">
        <field name="name">Compras Gravadas con IVA</field>
        <field name="code">CLTAX_030201</field>
        <field name="sequence" eval="1"/>
        <field name="level" eval="2"/>
        <field name="domain" eval="[('tax_ids.tag_ids', 'in', [ref('l10n_cl.tag_cl_18')])]"/>
        <field name="formulas">balance = sum.balance</field>
        <field name="parent_id" ref="financial_report_line_cl_0302"/>
        <field name="show_domain">never</field>
        <field name="special_date_changer">strict_range</field>
    </record>
    <record id="financial_report_line_cl_030202" model="account.financial.html.report.line">
        <field name="name">Compras NO Gravadas (Exoneradas)</field>
        <field name="code">CLTAX_030202</field>
        <field name="sequence" eval="2"/>
        <field name="level" eval="2"/>
        <field name="formulas">balance = sum.balance</field>
        <field name="parent_id" ref="financial_report_line_cl_0302"/>
        <field name="show_domain">never</field>
        <field name="special_date_changer">strict_range</field>
    </record>
    <record id="financial_report_line_cl_030203" model="account.financial.html.report.line">
        <field name="name">Compras Gravadas Fuera de Ámbito</field>
        <field name="code">CLTAX_030203</field>
        <field name="sequence" eval="3"/>
        <field name="level" eval="2"/>
        <field name="formulas">balance = sum.balance</field>
        <field name="parent_id" ref="financial_report_line_cl_0302"/>
        <field name="show_domain">never</field>
        <field name="special_date_changer">strict_range</field>
    </record>

</odoo>
