<?xml version="1.0" encoding="utf-8"?>
<odoo>
    <record id="account_financial_report_l10n_jp" model="account.financial.html.report">
        <field name="name">日本税チャート</field>
        <field name="report_type">date_range</field>
        <field name='parent_id' ref='l10n_jp.account_reports_jp_statements_menu'/>
        <field name="tax_report" eval="1"/>
    </record>

    <record id="account_financial_report_l10n_jp_line_0" model="account.financial.html.report.line">
        <field name="name">支払対象税額</field>
        <field name="financial_report_id" ref="account_financial_report_l10n_jp"/>
        <field name="level" eval="0" />
        <field name="sequence" eval="1"/>
        <field name="code">JPTAXBillable_Tax</field>
        <field name="show_domain">never</field>
        <field name="formulas">balance=-JPTAXProvisnal_Amount.balance+JPTAXProvisional_current_tax_amount.balance</field>
        <field name="special_date_changer">strict_range</field>
    </record>

    <record id="account_financial_report_l10n_jp_line_1" model="account.financial.html.report.line">
        <field name="name">仮受税額</field>
        <field name="parent_id" ref="account_financial_report_l10n_jp_line_0"/>
        <field name="level" eval="1" />
        <field name="sequence" eval="1"/>
        <field name="code">JPTAXProvisnal_Amount</field>
        <field name="show_domain">never</field>
        <field name="formulas">balance=JPTAXOutput_tax_8.balance+JPTAXDuty_free.balance+JPTAXNon_taxation.balance</field>
        <field name="special_date_changer">strict_range</field>
    </record>
    <record id="account_financial_report_l10n_jp_line_2" model="account.financial.html.report.line">
        <field name="name">仮受消費税(8%)</field>
        <field name="parent_id" ref="account_financial_report_l10n_jp_line_1"/>
        <field name="level" eval="2" />
        <field name="sequence" eval="1"/>
        <field name="code">JPTAXOutput_tax_8</field>
        <field name="show_domain">never</field>
        <field name="formulas">balance=-sum.balance</field>
        <field name="domain" eval="[('tax_line_id.tag_ids', 'in', [ref('l10n_jp.tag_jp_03')])]" />
        <field name="special_date_changer">strict_range</field>
    </record>

    <record id="account_financial_report_l10n_jp_line_3" model="account.financial.html.report.line">
        <field name="name">免税</field>
        <field name="parent_id" ref="account_financial_report_l10n_jp_line_1"/>
        <field name="level" eval="2" />
        <field name="sequence" eval="2"/>
        <field name="code">JPTAXDuty_free</field>
        <field name="show_domain">never</field>
        <field name="domain" eval="[('tax_line_id.tag_ids', 'in', [ref('l10n_jp.tag_jp_04')])]" />
        <field name="special_date_changer">strict_range</field>
    </record>
    <record id="account_financial_report_l10n_jp_line_4" model="account.financial.html.report.line">
        <field name="name">不課税</field>
        <field name="parent_id" ref="account_financial_report_l10n_jp_line_1"/>
        <field name="level" eval="2" />
        <field name="sequence" eval="3"/>
        <field name="code">JPTAXNon_taxation</field>
        <field name="show_domain">never</field>
        <field name="domain" eval="[('tax_line_id.tag_ids', 'in', [ref('l10n_jp.tag_jp_09')])]" />
        <field name="special_date_changer">strict_range</field>
    </record>

    <record id="account_financial_report_l10n_jp_line_5" model="account.financial.html.report.line">
        <field name="name">仮払税額</field>
        <field name="parent_id" ref="account_financial_report_l10n_jp_line_0"/>
        <field name="level" eval="1" />
        <field name="sequence" eval="2"/>
        <field name="code">JPTAXProvisional_current_tax_amount</field>
        <field name="show_domain">never</field>
        <field name="formulas">balance=JPTAXSuspense_consumption_tax_8.balance+JPTAXImport.balance+JPTAXNon_taxation.balance</field>
        <field name="special_date_changer">strict_range</field>
    </record>
    <record id="account_financial_report_l10n_jp_line_6" model="account.financial.html.report.line">
        <field name="name">仮払消費税(8%)</field>
        <field name="parent_id" ref="account_financial_report_l10n_jp_line_5"/>
        <field name="level" eval="2" />
        <field name="sequence" eval="1"/>
        <field name="code">JPTAXSuspense_consumption_tax_8</field>
        <field name="show_domain">never</field>
        <field name="domain" eval="[('tax_line_id.tag_ids', 'in', [ref('l10n_jp.tag_jp_07')])]" />
        <field name="formulas">balance=sum.balance</field>
        <field name="special_date_changer">strict_range</field>
    </record>
    <record id="account_financial_report_l10n_jp_line_7" model="account.financial.html.report.line">
        <field name="name">輸入</field>
        <field name="parent_id" ref="account_financial_report_l10n_jp_line_5"/>
        <field name="level" eval="2" />
        <field name="sequence" eval="2"/>
        <field name="code">JPTAXImport</field>
        <field name="show_domain">never</field>
        <field name="domain" eval="[('tax_line_id.tag_ids', 'in', [ref('l10n_jp.tag_jp_08')])]" />
        <field name="special_date_changer">strict_range</field>
    </record>
    <record id="account_financial_report_l10n_jp_line_8" model="account.financial.html.report.line">
        <field name="name">不課税</field>
        <field name="parent_id" ref="account_financial_report_l10n_jp_line_5"/>
        <field name="level" eval="2" />
        <field name="sequence" eval="3"/>
        <field name="code">JPTAXNon_taxation</field>
        <field name="show_domain">never</field>
        <field name="domain" eval="[('tax_line_id.tag_ids', 'in', [ref('l10n_jp.tag_jp_09')])]" />
        <field name="special_date_changer">strict_range</field>
    </record>

    <record id="account_financial_report_l10n_jp_line_9" model="account.financial.html.report.line">
        <field name="name">税計算基準額</field>
        <field name="financial_report_id" ref="account_financial_report_l10n_jp"/>
        <field name="level" eval="0" />
        <field name="sequence" eval="2"/>
        <field name="code">JPTAXTax_calculation_base_amount</field>
        <field name="show_domain">never</field>
        <field name="formulas">balance=JPTAXSales_base_amount.balance+JPTAXPurchasing_base_amountt.balance</field>
        <field name="special_date_changer">strict_range</field>
    </record>
    <record id="account_financial_report_l10n_jp_line_10" model="account.financial.html.report.line">
        <field name="name">販売基準額</field>
        <field name="parent_id" ref="account_financial_report_l10n_jp_line_9"/>
        <field name="level" eval="1" />
        <field name="sequence" eval="1"/>
        <field name="code">JPTAXSales_base_amount</field>
        <field name="show_domain">never</field>
        <field name="formulas">balance=JPTAXTaxable_sales_8.balance+JPTAXDuty_free_sales.balance+JPTAXNon_taxable_sales.balance</field>
        <field name="special_date_changer">strict_range</field>
    </record>
    <record id="account_financial_report_l10n_jp_line_11" model="account.financial.html.report.line">
        <field name="name">課税対象売上(8%)</field>
        <field name="parent_id" ref="account_financial_report_l10n_jp_line_10"/>
        <field name="level" eval="2" />
        <field name="sequence" eval="1"/>
        <field name="code">JPTAXTaxable_sales_8</field>
        <field name="show_domain">never</field>
        <field name="formulas">balance=-sum.balance</field>
        <field name="domain" eval="[('tax_ids.tag_ids', 'in', [ref('l10n_jp.tag_jp_12')])]" />
        <field name="special_date_changer">strict_range</field>
    </record>
    <record id="account_financial_report_l10n_jp_line_12" model="account.financial.html.report.line">
        <field name="name">免税売上</field>
        <field name="parent_id" ref="account_financial_report_l10n_jp_line_10"/>
        <field name="level" eval="2" />
        <field name="sequence" eval="2"/>
        <field name="code">JPTAXDuty_free_sales</field>
        <field name="show_domain">never</field>
        <field name="formulas">balance=sum.balance</field>
        <field name="domain" eval="[('tax_ids.tag_ids', 'in', [ref('l10n_jp.tag_jp_13')])]" />
        <field name="special_date_changer">strict_range</field>
    </record>
    <record id="account_financial_report_l10n_jp_line_13" model="account.financial.html.report.line">
        <field name="name">不課税売上</field>
        <field name="parent_id" ref="account_financial_report_l10n_jp_line_10"/>
        <field name="level" eval="2" />
        <field name="sequence" eval="3"/>
        <field name="code">JPTAXNon_taxable_sales</field>
        <field name="show_domain">never</field>
        <field name="formulas">balance=sum.balance</field>
        <field name="domain" eval="[('tax_ids.tag_ids', 'in', [ref('l10n_jp.tag_jp_14')])]" />
        <field name="special_date_changer">strict_range</field>
    </record>

    <record id="account_financial_report_l10n_jp_line_14" model="account.financial.html.report.line">
        <field name="name">購買基準額</field>
        <field name="parent_id" ref="account_financial_report_l10n_jp_line_9"/>
        <field name="level" eval="1" />
        <field name="sequence" eval="2"/>
        <field name="code">JPTAXPurchasing_base_amountt</field>
        <field name="show_domain">never</field>
        <field name="formulas">balance=JPTAXTaxable_purchases_8.balance+JPTAXThe_import_purchase.balance+JPTAXNon_taxable_purchases.balance</field>
        <field name="special_date_changer">strict_range</field>
    </record>
    <record id="account_financial_report_l10n_jp_line_15" model="account.financial.html.report.line">
        <field name="name">課税対象仕入(8%)</field>
        <field name="parent_id" ref="account_financial_report_l10n_jp_line_14"/>
        <field name="level" eval="2" />
        <field name="sequence" eval="1"/>
        <field name="code">JPTAXTaxable_purchases_8</field>
        <field name="show_domain">never</field>
        <field name="domain" eval="[('tax_ids.tag_ids', 'in', [ref('l10n_jp.tag_jp_16')])]" />
        <field name="formulas">balance=sum.balance</field>
        <field name="special_date_changer">strict_range</field>
    </record>
    <record id="account_financial_report_l10n_jp_line_16" model="account.financial.html.report.line">
        <field name="name">輸入仕入</field>
        <field name="parent_id" ref="account_financial_report_l10n_jp_line_14"/>
        <field name="level" eval="2" />
        <field name="sequence" eval="2"/>
        <field name="code">JPTAXThe_import_purchase</field>
        <field name="show_domain">never</field>
        <field name="formulas">balance=sum.balance</field>
        <field name="domain" eval="[('tax_ids.tag_ids', 'in', [ref('l10n_jp.tag_jp_17')])]" />
        <field name="special_date_changer">strict_range</field>
    </record>
    <record id="account_financial_report_l10n_jp_line_17" model="account.financial.html.report.line">
        <field name="name">不課税仕入</field>
        <field name="parent_id" ref="account_financial_report_l10n_jp_line_14"/>
        <field name="level" eval="2" />
        <field name="sequence" eval="3"/>
        <field name="code">JPTAXNon_taxable_purchases</field>
        <field name="show_domain">never</field>
        <field name="formulas">balance=sum.balance</field>
        <field name="domain" eval="[('tax_ids.tag_ids', 'in', [ref('l10n_jp.tag_jp_18')])]" />
        <field name="special_date_changer">strict_range</field>
    </record>
</odoo>
