<?xml version="1.0" encoding="utf-8"?>
<odoo>

    <record id="financial_report_l10n_hr_report" model="account.financial.html.report">
        <field name="name">POREZI</field>
        <field name="report_type">date_range</field>
        <field name='parent_id' ref='l10n_hr.account_reports_hr_statements_menu'/>
        <field name="tax_report" eval="1"/>
    </record>
    <record id="financial_report_l10n_hr_line_0" model="account.financial.html.report.line">
        <field name="name">Ostali porezi, carine, trošarine i sl.</field>
        <field name="code">HRTAX_NEPDV</field>
        <field name="level" eval="0"/>
        <field name="sequence" eval="1"/>
        <field name="formulas">balance = HRTAX_POTROSNJA.balance</field>
        <field name="financial_report_id" ref="financial_report_l10n_hr_report"/>
        <field name="special_date_changer">strict_range</field>
    </record>
    <record id="financial_report_l10n_hr_line_1" model="account.financial.html.report.line">
        <field name="name">Porez na potrošnju</field>
        <field name="code">HRTAX_POTROSNJA</field>
        <field name="level" eval="1"/>
        <field name="sequence" eval="1"/>
        <field name="formulas">balance = sum.balance</field>
        <field name="parent_id" ref="financial_report_l10n_hr_line_0"/>
        <field name="show_domain">never</field>
        <field name="special_date_changer">strict_range</field>
    </record>
    <record id="financial_report_l10n_hr_line_2" model="account.financial.html.report.line">
        <field name="name">PDV</field>
        <field name="code">HRTAX_PDV</field>
        <field name="level" eval="0"/>
        <field name="sequence" eval="2"/>
        <field name="formulas">balance = HRTAX_PDVOB.balance + HRTAX_zPDV.balance</field>
        <field name="financial_report_id" ref="financial_report_l10n_hr_report"/>
        <field name="special_date_changer">strict_range</field>
    </record>
    <record id="financial_report_l10n_hr_line_3" model="account.financial.html.report.line">
        <field name="name">OBRAZAC PDV</field>
        <field name="code">HRTAX_PDVOB</field>
        <field name="level" eval="1"/>
        <field name="sequence" eval="1"/>
        <field name="formulas">balance = HRTAX_oPDVOB.balance + HRTAX_pPDV.balance</field>
        <field name="parent_id" ref="financial_report_l10n_hr_line_2"/>
        <field name="special_date_changer">strict_range</field>
    </record>
    <record id="financial_report_l10n_hr_line_4" model="account.financial.html.report.line">
        <field name="name">O S N O V I C A</field>
        <field name="code">HRTAX_oPDVOB</field>
        <field name="level" eval="2"/>
        <field name="sequence" eval="1"/>
        <field name="formulas">balance = HRTAX_o12.balance + HRTAX_o300.balance</field>
        <field name="parent_id" ref="financial_report_l10n_hr_line_3"/>
        <field name="special_date_changer">strict_range</field>
    </record>
    <record id="financial_report_l10n_hr_line_5" model="account.financial.html.report.line">
        <field name="name">Obračun isporuka (I+II)</field>
        <field name="code">HRTAX_o12</field>
        <field name="level" eval="3"/>
        <field name="sequence" eval="1"/>
        <field name="formulas">balance = HRTAX_o100.balance + HRTAX_o200.balance</field>
        <field name="parent_id" ref="financial_report_l10n_hr_line_4"/>
        <field name="special_date_changer">strict_range</field>
    </record>
    <record id="financial_report_l10n_hr_line_6" model="account.financial.html.report.line">
        <field name="name">I. Isporuke ne podliježu / oslobođene</field>
        <field name="code">HRTAX_o100</field>
        <field name="level" eval="4"/>
        <field name="sequence" eval="1"/>
        <field name="formulas">balance = HRTAX_o110.balance + HRTAX_o120.balance + HRTAX_o130.balance</field>
        <field name="parent_id" ref="financial_report_l10n_hr_line_5"/>
        <field name="special_date_changer">strict_range</field>
    </record>
    <record id="financial_report_l10n_hr_line_7" model="account.financial.html.report.line">
        <field name="name">I.1. Koje ne podliježu oporezivanju</field>
        <field name="code">HRTAX_o110</field>
        <field name="level" eval="5"/>
        <field name="sequence" eval="1"/>
        <field name="domain" eval="[('tax_ids.tag_ids', 'in', [ref('l10n_hr.tag_hr_08')])]"/>
        <field name="formulas">balance = - sum.balance</field>
        <field name="parent_id" ref="financial_report_l10n_hr_line_6"/>
        <field name="show_domain">never</field>
        <field name="special_date_changer">strict_range</field>
    </record>
    <record id="financial_report_l10n_hr_line_8" model="account.financial.html.report.line">
        <field name="name">I.2. Oslobođene ukupno</field>
        <field name="code">HRTAX_o120</field>
        <field name="level" eval="5"/>
        <field name="sequence" eval="2"/>
        <field name="formulas">balance = HRTAX_o121.balance + HRTAX_o122.balance + HRTAX_o123.balance + HRTAX_o124.balance</field>
        <field name="parent_id" ref="financial_report_l10n_hr_line_6"/>
        <field name="special_date_changer">strict_range</field>
    </record>
    <record id="financial_report_l10n_hr_line_9" model="account.financial.html.report.line">
        <field name="name">I.2.1. Izvozne</field>
        <field name="code">HRTAX_o121</field>
        <field name="level" eval="6"/>
        <field name="sequence" eval="1"/>
        <field name="domain" eval="[('tax_ids.tag_ids', 'in', [ref('l10n_hr.tag_hr_10')])]"/>
        <field name="formulas">balance = - sum.balance</field>
        <field name="parent_id" ref="financial_report_l10n_hr_line_8"/>
        <field name="show_domain">never</field>
        <field name="special_date_changer">strict_range</field>
    </record>
    <record id="financial_report_l10n_hr_line_10" model="account.financial.html.report.line">
        <field name="name">I.2.2. Isporuke dobara</field>
        <field name="code">HRTAX_o122</field>
        <field name="level" eval="6"/>
        <field name="sequence" eval="2"/>
        <field name="domain" eval="[('tax_ids.tag_ids', 'in', [ref('l10n_hr.tag_hr_11')])]"/>
        <field name="formulas">balance = - sum.balance</field>
        <field name="parent_id" ref="financial_report_l10n_hr_line_8"/>
        <field name="show_domain">never</field>
        <field name="special_date_changer">strict_range</field>
    </record>
    <record id="financial_report_l10n_hr_line_11" model="account.financial.html.report.line">
        <field name="name">I.2.3. Tuzemne  - bez prava odbitka</field>
        <field name="code">HRTAX_o123</field>
        <field name="level" eval="6"/>
        <field name="sequence" eval="3"/>
        <field name="domain" eval="[('tax_ids.tag_ids', 'in', [ref('l10n_hr.tag_hr_12')])]"/>
        <field name="formulas">balance = - sum.balance</field>
        <field name="parent_id" ref="financial_report_l10n_hr_line_8"/>
        <field name="show_domain">never</field>
        <field name="special_date_changer">strict_range</field>
    </record>
    <record id="financial_report_l10n_hr_line_12" model="account.financial.html.report.line">
        <field name="name">I.2.4. Ostale – s pravom odbitka</field>
        <field name="code">HRTAX_o124</field>
        <field name="level" eval="6"/>
        <field name="sequence" eval="4"/>
        <field name="domain" eval="[('tax_ids.tag_ids', 'in', [ref('l10n_hr.tag_hr_13')])]"/>
        <field name="formulas">balance = - sum.balance</field>
        <field name="parent_id" ref="financial_report_l10n_hr_line_8"/>
        <field name="show_domain">never</field>
        <field name="special_date_changer">strict_range</field>
    </record>
    <record id="financial_report_l10n_hr_line_13" model="account.financial.html.report.line">
        <field name="name">I.3. Isporuke po stopi od 0%</field>
        <field name="code">HRTAX_o130</field>
        <field name="level" eval="5"/>
        <field name="sequence" eval="3"/>
        <field name="domain" eval="[('tax_ids.tag_ids', 'in', [ref('l10n_hr.tag_hr_14')])]"/>
        <field name="formulas">balance = - sum.balance</field>
        <field name="parent_id" ref="financial_report_l10n_hr_line_6"/>
        <field name="show_domain">never</field>
        <field name="special_date_changer">strict_range</field>
    </record>
    <record id="financial_report_l10n_hr_line_14" model="account.financial.html.report.line">
        <field name="name">II. Oporezive isporuke</field>
        <field name="code">HRTAX_o200</field>
        <field name="level" eval="4"/>
        <field name="sequence" eval="2"/>
        <field name="formulas">balance = HRTAX_o210.balance + HRTAX_o220.balance + HRTAX_o230.balance + HRTAX_o240.balance + HRTAX_o250.balance</field>
        <field name="parent_id" ref="financial_report_l10n_hr_line_5"/>
        <field name="special_date_changer">strict_range</field>
    </record>
    <record id="financial_report_l10n_hr_line_15" model="account.financial.html.report.line">
        <field name="name">II.1 Izdani računi po stopi 10%</field>
        <field name="code">HRTAX_o210</field>
        <field name="level" eval="5"/>
        <field name="sequence" eval="1"/>
        <field name="domain" eval="[('tax_ids.tag_ids', 'in', [ref('l10n_hr.tag_hr_36')])]"/>
        <field name="formulas">balance = - sum.balance</field>
        <field name="parent_id" ref="financial_report_l10n_hr_line_14"/>
        <field name="show_domain">never</field>
        <field name="special_date_changer">strict_range</field>
    </record>
    <record id="financial_report_l10n_hr_line_16" model="account.financial.html.report.line">
        <field name="name">II.2 Izdani računi po stopi 22% i 23%</field>
        <field name="code">HRTAX_o220</field>
        <field name="level" eval="5"/>
        <field name="sequence" eval="2"/>
        <field name="formulas">balance = sum.balance</field>
        <field name="parent_id" ref="financial_report_l10n_hr_line_14"/>
        <field name="show_domain">never</field>
        <field name="special_date_changer">strict_range</field>
    </record>
    <record id="financial_report_l10n_hr_line_17" model="account.financial.html.report.line">
        <field name="name">II.3 Izdani računi po stopi 25%</field>
        <field name="code">HRTAX_o230</field>
        <field name="level" eval="5"/>
        <field name="sequence" eval="3"/>
        <field name="domain" eval="[('tax_ids.tag_ids', 'in', [ref('l10n_hr.tag_hr_18')])]"/>
        <field name="formulas">balance = - sum.balance</field>
        <field name="parent_id" ref="financial_report_l10n_hr_line_14"/>
        <field name="show_domain">never</field>
        <field name="special_date_changer">strict_range</field>
    </record>
    <record id="financial_report_l10n_hr_line_18" model="account.financial.html.report.line">
        <field name="name">II.4 Nenaplaćeni izvoz</field>
        <field name="code">HRTAX_o240</field>
        <field name="level" eval="5"/>
        <field name="sequence" eval="4"/>
        <field name="formulas">balance = sum.balance</field>
        <field name="parent_id" ref="financial_report_l10n_hr_line_14"/>
        <field name="show_domain">never</field>
        <field name="special_date_changer">strict_range</field>
    </record>
    <record id="financial_report_l10n_hr_line_19" model="account.financial.html.report.line">
        <field name="name">II.5 Oslobođenje izvoza – putnički promet</field>
        <field name="code">HRTAX_o250</field>
        <field name="level" eval="5"/>
        <field name="sequence" eval="5"/>
        <field name="formulas">balance = sum.balance</field>
        <field name="parent_id" ref="financial_report_l10n_hr_line_14"/>
        <field name="show_domain">never</field>
        <field name="special_date_changer">strict_range</field>
    </record>
    <record id="financial_report_l10n_hr_line_20" model="account.financial.html.report.line">
        <field name="name">III. OBRAČUNANI PRETPOREZ</field>
        <field name="code">HRTAX_o300</field>
        <field name="level" eval="3"/>
        <field name="sequence" eval="2"/>
        <field name="formulas">balance = HRTAX_o310.balance + HRTAX_o320.balance + HRTAX_o330.balance + HRTAX_o340.balance + HRTAX_o350.balance + HRTAX_o360.balance + HRTAX_o370.balance + HRTAX_o391.balance</field>
        <field name="parent_id" ref="financial_report_l10n_hr_line_4"/>
        <field name="special_date_changer">strict_range</field>
    </record>
    <record id="financial_report_l10n_hr_line_21" model="account.financial.html.report.line">
        <field name="name">III.1. Pretporez 10%</field>
        <field name="code">HRTAX_o310</field>
        <field name="level" eval="4"/>
        <field name="sequence" eval="1"/>
        <field name="domain" eval="[('tax_ids.tag_ids', 'in', [ref('l10n_hr.tag_hr_22')])]"/>
        <field name="formulas">balance = sum.balance</field>
        <field name="parent_id" ref="financial_report_l10n_hr_line_20"/>
        <field name="show_domain">never</field>
        <field name="special_date_changer">strict_range</field>
    </record>
    <record id="financial_report_l10n_hr_line_22" model="account.financial.html.report.line">
        <field name="name">III.2. Pretporez 22% i23%</field>
        <field name="code">HRTAX_o320</field>
        <field name="level" eval="4"/>
        <field name="sequence" eval="2"/>
        <field name="formulas">balance = sum.balance</field>
        <field name="parent_id" ref="financial_report_l10n_hr_line_20"/>
        <field name="show_domain">never</field>
        <field name="special_date_changer">strict_range</field>
    </record>
    <record id="financial_report_l10n_hr_line_23" model="account.financial.html.report.line">
        <field name="name">III.3. Pretporez 25%</field>
        <field name="code">HRTAX_o330</field>
        <field name="level" eval="4"/>
        <field name="sequence" eval="3"/>
        <field name="formulas">balance = HRTAX_o330b.balance + HRTAX_o330t.balance</field>
        <field name="parent_id" ref="financial_report_l10n_hr_line_20"/>
        <field name="show_domain">never</field>
        <field name="special_date_changer">strict_range</field>
    </record>
    <record id="financial_report_l10n_hr_line_23b" model="account.financial.html.report.line">
        <field name="name">III.3. Pretporez 25% bis</field>
        <field name="code">HRTAX_o330b</field>
        <field name="level" eval="4"/>
        <field name="sequence" eval="3"/>
        <field name="domain" eval="[('tax_ids.tag_ids', 'in', [ref('l10n_hr.tag_hr_25')])]"/>
        <field name="formulas">balance = 0.7 * sum.balance</field>
        <field name="show_domain">never</field>
        <field name="special_date_changer">strict_range</field>
    </record>
    <record id="financial_report_l10n_hr_line_23t" model="account.financial.html.report.line">
        <field name="name">III.3. Pretporez 25% ter</field>
        <field name="code">HRTAX_o330t</field>
        <field name="level" eval="4"/>
        <field name="sequence" eval="3"/>
        <field name="domain" eval="[('tax_ids.tag_ids', 'in', [ref('l10n_hr.tag_hr_26')])]"/>
        <field name="formulas">balance = 0.3 * sum.balance</field>
        <field name="show_domain">never</field>
        <field name="special_date_changer">strict_range</field>
    </record>
    <record id="financial_report_l10n_hr_line_24" model="account.financial.html.report.line">
        <field name="name">III.4. Plaćeni PP pri uvozu</field>
        <field name="code">HRTAX_o340</field>
        <field name="level" eval="4"/>
        <field name="sequence" eval="4"/>
        <field name="domain" eval="['|', ('tax_ids.tag_ids', 'in', [ref('l10n_hr.tag_hr_27')]), '&amp;', ('tax_ids.tag_ids', 'in', [ref('l10n_hr.tag_hr_27_cred')]), ('credit', '>', 0)]"/>
        <field name="parent_id" ref="financial_report_l10n_hr_line_20"/>
        <field name="formulas">balance = sum.balance</field>
        <field name="special_date_changer">strict_range</field>
    </record>
    <record id="financial_report_l10n_hr_line_26" model="account.financial.html.report.line">
        <field name="name">III.5. Plaćeni PP na ino usluge 10%</field>
        <field name="code">HRTAX_o350</field>
        <field name="level" eval="4"/>
        <field name="sequence" eval="6"/>
        <field name="domain" eval="['|', '&amp;', ('tax_ids.tag_ids', 'in', [ref('l10n_hr.tag_hr_28')]), ('debit', '>', 0) , '&amp;', ('tax_line_id.tag_ids', 'in', [ref('l10n_hr.tag_hr_28')]), ('credit', '>', 0)]"/>
        <field name="formulas">balance = sum.balance</field>
        <field name="parent_id" ref="financial_report_l10n_hr_line_20"/>
        <field name="special_date_changer">strict_range</field>
    </record>
    <record id="financial_report_l10n_hr_line_27" model="account.financial.html.report.line">
        <field name="name">III.6. Plaćeni PP na ino usluge 22% i 23%</field>
        <field name="code">HRTAX_o360</field>
        <field name="level" eval="4"/>
        <field name="sequence" eval="6"/>
        <field name="formulas">balance = sum.balance</field>
        <field name="parent_id" ref="financial_report_l10n_hr_line_20"/>
        <field name="show_domain">never</field>
        <field name="special_date_changer">strict_range</field>
    </record>
    <record id="financial_report_l10n_hr_line_28" model="account.financial.html.report.line">
        <field name="name">III.7. Plaćeni PP na ino usluge 25%</field>
        <field name="code">HRTAX_o370</field>
        <field name="level" eval="4"/>
        <field name="sequence" eval="7"/>
        <field name="domain" eval="['|', '&amp;', ('tax_ids.tag_ids', 'in', [ref('l10n_hr.tag_hr_30')]), ('debit', '>', 0), '&amp;', ('tax_line_id.tag_ids', 'in', [ref('l10n_hr.tag_hr_30')]), ('credit', '>', 0)]"/>
        <field name="parent_id" ref="financial_report_l10n_hr_line_20"/>
        <field name="formulas">balance = sum.balance</field>
        <field name="special_date_changer">strict_range</field>
    </record>
    <record id="financial_report_l10n_hr_line_29" model="account.financial.html.report.line">
        <field name="name">III.0. Pretporez 0%</field>
        <field name="code">HRTAX_o391</field>
        <field name="level" eval="4"/>
        <field name="sequence" eval="8"/>
        <field name="domain" eval="[('tax_ids.tag_ids', 'in', [ref('l10n_hr.tag_hr_31')])]"/>
        <field name="formulas">balance = sum.balance</field>
        <field name="parent_id" ref="financial_report_l10n_hr_line_20"/>
        <field name="show_domain">never</field>
        <field name="special_date_changer">strict_range</field>
    </record>
    <record id="financial_report_l10n_hr_line_30" model="account.financial.html.report.line">
        <field name="name">PDV – POREZ – razlika za uplatu/preplata</field>
        <field name="code">HRTAX_pPDV</field>
        <field name="level" eval="2"/>
        <field name="sequence" eval="2"/>
        <field name="formulas">balance = HRTAX_p400.balance + HRTAX_p500.balance</field>
        <field name="parent_id" ref="financial_report_l10n_hr_line_3"/>
        <field name="special_date_changer">strict_range</field>
    </record>
    <record id="financial_report_l10n_hr_line_31" model="account.financial.html.report.line">
        <field name="name">VI. POREZNA OBVEZA U RAZDOBLJU</field>
        <field name="code">HRTAX_p400</field>
        <field name="level" eval="3"/>
        <field name="sequence" eval="1"/>
        <field name="formulas">balance = HRTAX_p100.balance + HRTAX_p200.balance + HRTAX_p300.balance</field>
        <field name="parent_id" ref="financial_report_l10n_hr_line_30"/>
        <field name="special_date_changer">strict_range</field>
    </record>
    <record id="financial_report_l10n_hr_line_32" model="account.financial.html.report.line">
        <field name="name">I. Isporuke ne podliježu / oslobođene</field>
        <field name="code">HRTAX_p100</field>
        <field name="level" eval="4"/>
        <field name="sequence" eval="1"/>
        <field name="formulas">balance = sum.balance</field>
        <field name="parent_id" ref="financial_report_l10n_hr_line_31"/>
        <field name="show_domain">never</field>
        <field name="special_date_changer">strict_range</field>
    </record>
    <record id="financial_report_l10n_hr_line_33" model="account.financial.html.report.line">
        <field name="name">II. Oporezive isporuke</field>
        <field name="code">HRTAX_p200</field>
        <field name="level" eval="3"/>
        <field name="sequence" eval="2"/>
        <field name="formulas">balance = HRTAX_p210.balance + HRTAX_p220.balance + HRTAX_p230.balance + HRTAX_p240.balance</field>
        <field name="parent_id" ref="financial_report_l10n_hr_line_31"/>
        <field name="special_date_changer">strict_range</field>
    </record>
    <record id="financial_report_l10n_hr_line_34" model="account.financial.html.report.line">
        <field name="name">II.1 Izdani računi po stopi 10%</field>
        <field name="code">HRTAX_p210</field>
        <field name="level" eval="4"/>
        <field name="sequence" eval="1"/>
        <field name="domain" eval="[('tax_line_id.tag_ids', 'in', [ref('l10n_hr.tag_hr_16')])]"/>
        <field name="formulas">balance = - sum.balance</field>
        <field name="parent_id" ref="financial_report_l10n_hr_line_33"/>
        <field name="show_domain">never</field>
        <field name="special_date_changer">strict_range</field>
    </record>
    <record id="financial_report_l10n_hr_line_35" model="account.financial.html.report.line">
        <field name="name">II.2 Izdani računi po stopi 22% i 23%</field>
        <field name="code">HRTAX_p220</field>
        <field name="level" eval="4"/>
        <field name="sequence" eval="2"/>
        <field name="formulas">balance = sum.balance</field>
        <field name="parent_id" ref="financial_report_l10n_hr_line_33"/>
        <field name="show_domain">never</field>
        <field name="special_date_changer">strict_range</field>
    </record>
    <record id="financial_report_l10n_hr_line_36" model="account.financial.html.report.line">
        <field name="name">II.3 Izdani računi po stopi 25%</field>
        <field name="code">HRTAX_p230</field>
        <field name="level" eval="4"/>
        <field name="sequence" eval="3"/>
        <field name="domain" eval="[('tax_line_id.tag_ids', 'in', [ref('l10n_hr.tag_hr_38')])]"/>
        <field name="formulas">balance = - sum.balance</field>
        <field name="parent_id" ref="financial_report_l10n_hr_line_33"/>
        <field name="show_domain">never</field>
        <field name="special_date_changer">strict_range</field>
    </record>
    <record id="financial_report_l10n_hr_line_37" model="account.financial.html.report.line">
        <field name="name">II.4 Oslobođenje izvoza – putnički promet</field>
        <field name="code">HRTAX_p240</field>
        <field name="level" eval="4"/>
        <field name="sequence" eval="4"/>
        <field name="formulas">balance = sum.balance</field>
        <field name="parent_id" ref="financial_report_l10n_hr_line_33"/>
        <field name="show_domain">never</field>
        <field name="special_date_changer">strict_range</field>
    </record>
    <record id="financial_report_l10n_hr_line_38" model="account.financial.html.report.line">
        <field name="name">III. OBRAČUNANI PRETPOREZ</field>
        <field name="code">HRTAX_p300</field>
        <field name="level" eval="3"/>
        <field name="sequence" eval="3"/>
        <field name="formulas">balance = HRTAX_p310.balance + HRTAX_p320.balance + HRTAX_p330.balance + HRTAX_p340.balance + HRTAX_p350.balance + HRTAX_p360.balance + HRTAX_p370.balance + HRTAX_p380.balance</field>
        <field name="parent_id" ref="financial_report_l10n_hr_line_31"/>
        <field name="special_date_changer">strict_range</field>
    </record>
    <record id="financial_report_l10n_hr_line_40" model="account.financial.html.report.line">
        <field name="name">III.1. Pretporez 10%</field>
        <field name="code">HRTAX_p310</field>
        <field name="level" eval="4"/>
        <field name="sequence" eval="1"/>
        <field name="domain" eval="[('tax_line_id.tag_ids', 'in', [ref('l10n_hr.tag_hr_41')])]"/>
        <field name="formulas">balance = sum.balance</field>
        <field name="parent_id" ref="financial_report_l10n_hr_line_38"/>
        <field name="show_domain">never</field>
        <field name="special_date_changer">strict_range</field>
    </record>
    <record id="financial_report_l10n_hr_line_41" model="account.financial.html.report.line">
        <field name="name">III.2. Pretporez 22% i 23%</field>
        <field name="code">HRTAX_p320</field>
        <field name="level" eval="4"/>
        <field name="sequence" eval="2"/>
        <field name="formulas">balance = sum.balance</field>
        <field name="parent_id" ref="financial_report_l10n_hr_line_38"/>
        <field name="show_domain">never</field>
        <field name="special_date_changer">strict_range</field>
    </record>
    <record id="financial_report_l10n_hr_line_42" model="account.financial.html.report.line">
        <field name="name">III.3. Pretporez 25%</field>
        <field name="code">HRTAX_p330</field>
        <field name="level" eval="4"/>
        <field name="sequence" eval="3"/>
        <field name="domain" eval="[('tax_line_id.tag_ids', 'in', [ref('l10n_hr.tag_hr_43')])]"/>
        <field name="formulas">balance = sum.balance</field>
        <field name="parent_id" ref="financial_report_l10n_hr_line_38"/>
        <field name="show_domain">never</field>
        <field name="special_date_changer">strict_range</field>
    </record>
    <record id="financial_report_l10n_hr_line_43" model="account.financial.html.report.line">
        <field name="name">III.4. Plaćeni PP pri uvozu</field>
        <field name="code">HRTAX_p340</field>
        <field name="level" eval="4"/>
        <field name="sequence" eval="4"/>
        <field name="domain" eval="[('tax_line_id.tag_ids', 'in', [ref('l10n_hr.tag_hr_44')])]"/>
        <field name="formulas">balance = sum.balance</field>
        <field name="parent_id" ref="financial_report_l10n_hr_line_38"/>
        <field name="show_domain">never</field>
        <field name="special_date_changer">strict_range</field>
    </record>
    <record id="financial_report_l10n_hr_line_44" model="account.financial.html.report.line">
        <field name="name">III.5. Plaćeni PP na ino usluge 10%</field>
        <field name="code">HRTAX_p350</field>
        <field name="level" eval="4"/>
        <field name="sequence" eval="5"/>
        <field name="domain" eval="[('tax_line_id.tag_ids', 'in', [ref('l10n_hr.tag_hr_45')]), ('debit', '>', 0)]"/>
        <field name="formulas">balance = sum.debit</field>
        <field name="parent_id" ref="financial_report_l10n_hr_line_38"/>
        <field name="show_domain">never</field>
        <field name="special_date_changer">strict_range</field>
    </record>
    <record id="financial_report_l10n_hr_line_45" model="account.financial.html.report.line">
        <field name="name">III.6. Plaćeni PP na ino usluge 22% i 23%</field>
        <field name="code">HRTAX_p360</field>
        <field name="level" eval="4"/>
        <field name="sequence" eval="6"/>
        <field name="formulas">balance = sum.balance</field>
        <field name="parent_id" ref="financial_report_l10n_hr_line_38"/>
        <field name="show_domain">never</field>
        <field name="special_date_changer">strict_range</field>
    </record>
    <record id="financial_report_l10n_hr_line_46" model="account.financial.html.report.line">
        <field name="name">III.7. Plaćeni PP na ino usluge 25%</field>
        <field name="code">HRTAX_p370</field>
        <field name="level" eval="4"/>
        <field name="sequence" eval="7"/>
        <field name="domain" eval="[('tax_line_id.tag_ids', 'in', [ref('l10n_hr.tag_hr_47')]), ('debit', '>', 0)]"/>
        <field name="formulas">balance = sum.debit</field>
        <field name="parent_id" ref="financial_report_l10n_hr_line_38"/>
        <field name="show_domain">never</field>
        <field name="special_date_changer">strict_range</field>
    </record>
    <record id="financial_report_l10n_hr_line_47" model="account.financial.html.report.line">
        <field name="name">III.8. Ispravci pretporeza</field>
        <field name="code">HRTAX_p380</field>
        <field name="level" eval="4"/>
        <field name="sequence" eval="8"/>
        <field name="formulas">balance = sum.balance</field>
        <field name="parent_id" ref="financial_report_l10n_hr_line_38"/>
        <field name="show_domain">never</field>
        <field name="special_date_changer">strict_range</field>
    </record>
    <record id="financial_report_l10n_hr_line_48" model="account.financial.html.report.line">
        <field name="name">Uplaćeno u razdoblju</field>
        <field name="code">HRTAX_p500</field>
        <field name="level" eval="3"/>
        <field name="sequence" eval="2"/>
        <field name="formulas">balance = sum.balance</field>
        <field name="parent_id" ref="financial_report_l10n_hr_line_30"/>
        <field name="show_domain">never</field>
        <field name="special_date_changer">strict_range</field>
    </record>
    <record id="financial_report_l10n_hr_line_49" model="account.financial.html.report.line">
        <field name="name">PDV - OSTALO</field>
        <field name="code">HRTAX_zPDV</field>
        <field name="level" eval="1"/>
        <field name="sequence" eval="2"/>
        <field name="formulas">balance = HRTAX_o700.balance + HRTAX_z900.balance</field>
        <field name="parent_id" ref="financial_report_l10n_hr_line_2"/>
        <field name="special_date_changer">strict_range</field>
    </record>
    <record id="financial_report_l10n_hr_line_50" model="account.financial.html.report.line">
        <field name="name">Ostali podaci</field>
        <field name="code">HRTAX_o700</field>
        <field name="level" eval="2"/>
        <field name="sequence" eval="1"/>
        <field name="formulas">balance = HRTAX_o710.balance + HRTAX_o720.balance + HRTAX_o730.balance + HRTAX_o740.balance + HRTAX_o750.balance</field>
        <field name="parent_id" ref="financial_report_l10n_hr_line_49"/>
        <field name="special_date_changer">strict_range</field>
    </record>
    <record id="financial_report_l10n_hr_line_51" model="account.financial.html.report.line">
        <field name="name">1. ZA ISPRAVAK PRETPOREZA</field>
        <field name="code">HRTAX_o710</field>
        <field name="level" eval="3"/>
        <field name="sequence" eval="1"/>
        <field name="formulas">balance = HRTAX_o711.balance + HRTAX_o712.balance + HRTAX_o713.balance + HRTAX_o714.balance + HRTAX_o715.balance + HRTAX_o716.balance</field>
        <field name="parent_id" ref="financial_report_l10n_hr_line_50"/>
        <field name="special_date_changer">strict_range</field>
    </record>
    <record id="financial_report_l10n_hr_line_52" model="account.financial.html.report.line">
        <field name="name">1.1. NABAVA NEKRETNINA</field>
        <field name="code">HRTAX_o711</field>
        <field name="level" eval="4"/>
        <field name="sequence" eval="1"/>
        <field name="formulas">balance = sum.balance</field>
        <field name="parent_id" ref="financial_report_l10n_hr_line_51"/>
        <field name="show_domain">never</field>
        <field name="special_date_changer">strict_range</field>
    </record>
    <record id="financial_report_l10n_hr_line_53" model="account.financial.html.report.line">
        <field name="name">1.2. PRODAJA NEKRETNINA</field>
        <field name="code">HRTAX_o712</field>
        <field name="level" eval="4"/>
        <field name="sequence" eval="2"/>
        <field name="formulas">balance = sum.balance</field>
        <field name="parent_id" ref="financial_report_l10n_hr_line_51"/>
        <field name="show_domain">never</field>
        <field name="special_date_changer">strict_range</field>
    </record>
    <record id="financial_report_l10n_hr_line_54" model="account.financial.html.report.line">
        <field name="name">1.3. NABAVA OSOBNIH VOZILA</field>
        <field name="code">HRTAX_o713</field>
        <field name="level" eval="4"/>
        <field name="sequence" eval="3"/>
        <field name="formulas">balance = sum.balance</field>
        <field name="parent_id" ref="financial_report_l10n_hr_line_51"/>
        <field name="show_domain">never</field>
        <field name="special_date_changer">strict_range</field>
    </record>
    <record id="financial_report_l10n_hr_line_55" model="account.financial.html.report.line">
        <field name="name">1.4. PRODAJA OSOBNIH VOZILA</field>
        <field name="code">HRTAX_o714</field>
        <field name="level" eval="4"/>
        <field name="sequence" eval="4"/>
        <field name="formulas">balance = sum.balance</field>
        <field name="parent_id" ref="financial_report_l10n_hr_line_51"/>
        <field name="show_domain">never</field>
        <field name="special_date_changer">strict_range</field>
    </record>
    <record id="financial_report_l10n_hr_line_56" model="account.financial.html.report.line">
        <field name="name">1.5. NABAVA DUGOTRAJNE IMOVINE</field>
        <field name="code">HRTAX_o715</field>
        <field name="level" eval="4"/>
        <field name="sequence" eval="5"/>
        <field name="formulas">balance = sum.balance</field>
        <field name="parent_id" ref="financial_report_l10n_hr_line_51"/>
        <field name="show_domain">never</field>
        <field name="special_date_changer">strict_range</field>
    </record>
    <record id="financial_report_l10n_hr_line_57" model="account.financial.html.report.line">
        <field name="name">1.6. PRODAJA DUGOTRAJNE IMOVINE</field>
        <field name="code">HRTAX_o716</field>
        <field name="level" eval="4"/>
        <field name="sequence" eval="6"/>
        <field name="formulas">balance = sum.balance</field>
        <field name="parent_id" ref="financial_report_l10n_hr_line_51"/>
        <field name="show_domain">never</field>
        <field name="special_date_changer">strict_range</field>
    </record>
    <record id="financial_report_l10n_hr_line_58" model="account.financial.html.report.line">
        <field name="name">2. OTUĐENJE/STJECANJE GOSPODARSKE CJELINE ILI POGONA</field>
        <field name="code">HRTAX_o720</field>
        <field name="level" eval="3"/>
        <field name="sequence" eval="2"/>
        <field name="formulas">balance = sum.balance</field>
        <field name="parent_id" ref="financial_report_l10n_hr_line_50"/>
        <field name="show_domain">never</field>
        <field name="special_date_changer">strict_range</field>
    </record>
    <record id="financial_report_l10n_hr_line_59" model="account.financial.html.report.line">
        <field name="name">3. NABAVA DOBARA I USLUGA ZA REPREZENTACIJU</field>
        <field name="code">HRTAX_o730</field>
        <field name="level" eval="3"/>
        <field name="sequence" eval="3"/>
        <field name="formulas">balance = sum.balance</field>
        <field name="parent_id" ref="financial_report_l10n_hr_line_50"/>
        <field name="show_domain">never</field>
        <field name="special_date_changer">strict_range</field>
    </record>
    <record id="financial_report_l10n_hr_line_60" model="account.financial.html.report.line">
        <field name="name">4. NABAVA OSOBNIH VOZILA I DRUGIH SREDSTAVA ZA OSOBNI PRIJEVOZ</field>
        <field name="code">HRTAX_o740</field>
        <field name="level" eval="3"/>
        <field name="sequence" eval="4"/>
        <field name="formulas">balance = sum.balance</field>
        <field name="parent_id" ref="financial_report_l10n_hr_line_50"/>
        <field name="show_domain">never</field>
        <field name="special_date_changer">strict_range</field>
    </record>
    <record id="financial_report_l10n_hr_line_61" model="account.financial.html.report.line">
        <field name="name">5. OSNOVICA ZA OBRAČUN VLASTITE POTROŠNJE ZA OSOBNA VOZILA NABAV</field>
        <field name="code">HRTAX_o750</field>
        <field name="level" eval="3"/>
        <field name="sequence" eval="5"/>
        <field name="formulas">balance = sum.balance</field>
        <field name="parent_id" ref="financial_report_l10n_hr_line_50"/>
        <field name="show_domain">never</field>
        <field name="special_date_changer">strict_range</field>
    </record>
    <record id="financial_report_l10n_hr_line_62" model="account.financial.html.report.line">
        <field name="name">NEPRIZNATI PRETPOREZ</field>
        <field name="code">HRTAX_z900</field>
        <field name="level" eval="2"/>
        <field name="sequence" eval="2"/>
        <field name="formulas">balance = HRTAX_o910.balance + HRTAX_o920.balance + HRTAX_p900.balance + HRTAX_p920.balance</field>
        <field name="parent_id" ref="financial_report_l10n_hr_line_49"/>
        <field name="special_date_changer">strict_range</field>
    </record>
    <record id="financial_report_l10n_hr_line_63" model="account.financial.html.report.line">
        <field name="name">NEPRIZNATI PRETPOREZ (osnovica 30 ili 70%)</field>
        <field name="code">HRTAX_o910</field>
        <field name="level" eval="3"/>
        <field name="sequence" eval="1"/>
        <field name="formulas">balance = HRTAX_o911.balance + HRTAX_o912.balance + HRTAX_o913.balance</field>
        <field name="parent_id" ref="financial_report_l10n_hr_line_62"/>
        <field name="special_date_changer">strict_range</field>
    </record>
    <record id="financial_report_l10n_hr_line_64" model="account.financial.html.report.line">
        <field name="name">Nepriznati pretporez 10% (o)</field>
        <field name="code">HRTAX_o911</field>
        <field name="level" eval="4"/>
        <field name="sequence" eval="1"/>
        <field name="formulas">balance = sum.balance</field>
        <field name="parent_id" ref="financial_report_l10n_hr_line_63"/>
        <field name="show_domain">never</field>
        <field name="special_date_changer">strict_range</field>
    </record>
    <record id="financial_report_l10n_hr_line_65" model="account.financial.html.report.line">
        <field name="name">Nepriznati pretporez 22% i 23% (o)</field>
        <field name="code">HRTAX_o912</field>
        <field name="level" eval="4"/>
        <field name="sequence" eval="2"/>
        <field name="formulas">balance = sum.balance</field>
        <field name="parent_id" ref="financial_report_l10n_hr_line_63"/>
        <field name="show_domain">never</field>
        <field name="special_date_changer">strict_range</field>
    </record>
    <record id="financial_report_l10n_hr_line_66" model="account.financial.html.report.line">
        <field name="name">Nepriznati pretporez 25% (o)</field>
        <field name="code">HRTAX_o913</field>
        <field name="level" eval="4"/>
        <field name="sequence" eval="3"/>
        <field name="domain" eval="[('tax_ids.tag_ids', 'in', [ref('l10n_hr.tag_hr_67')])]"/>
        <field name="formulas">balance = sum.balance + HRTAX_o913b.balance + HRTAX_o913t.balance</field>
        <field name="parent_id" ref="financial_report_l10n_hr_line_63"/>
        <field name="show_domain">never</field>
        <field name="special_date_changer">strict_range</field>
    </record>
    <record id="financial_report_l10n_hr_line_66b" model="account.financial.html.report.line">
        <field name="name">Nepriznati pretporez 25% (o) bis</field>
        <field name="code">HRTAX_o913b</field>
        <field name="level" eval="4"/>
        <field name="sequence" eval="3"/>
        <field name="domain" eval="[('tax_ids.tag_ids', 'in', [ref('l10n_hr.tag_hr_68')])]"/>
        <field name="formulas">balance = 0.3 * sum.balance</field>
        <field name="show_domain">never</field>
        <field name="special_date_changer">strict_range</field>
    </record>
    <record id="financial_report_l10n_hr_line_66t" model="account.financial.html.report.line">
        <field name="name">Nepriznati pretporez 25% (o) ter</field>
        <field name="code">HRTAX_o913t</field>
        <field name="level" eval="4"/>
        <field name="sequence" eval="3"/>
        <field name="domain" eval="[('tax_ids.tag_ids', 'in', [ref('l10n_hr.tag_hr_69')])]"/>
        <field name="formulas">balance = 0.7 * sum.balance</field>
        <field name="show_domain">never</field>
        <field name="special_date_changer">strict_range</field>
    </record>
    <record id="financial_report_l10n_hr_line_67" model="account.financial.html.report.line">
        <field name="name">Pretporez koji još nije priznan (uključivo i neplaćeni R-2)</field>
        <field name="code">HRTAX_o920</field>
        <field name="level" eval="3"/>
        <field name="sequence" eval="2"/>
        <field name="domain" eval="[('tax_ids.tag_ids', 'in', [ref('l10n_hr.tag_hr_70')])]"/>
        <field name="formulas">balance = sum.balance</field>
        <field name="parent_id" ref="financial_report_l10n_hr_line_62"/>
        <field name="show_domain">never</field>
        <field name="special_date_changer">strict_range</field>
    </record>
    <record id="financial_report_l10n_hr_line_68" model="account.financial.html.report.line">
        <field name="name">NEPRIZNATI PRETPOREZ (porez)</field>
        <field name="code">HRTAX_p900</field>
        <field name="level" eval="3"/>
        <field name="sequence" eval="3"/>
        <field name="formulas">balance = HRTAX_p910.balance</field>
        <field name="parent_id" ref="financial_report_l10n_hr_line_62"/>
        <field name="special_date_changer">strict_range</field>
    </record>
    <record id="financial_report_l10n_hr_line_69" model="account.financial.html.report.line">
        <field name="name">NEPRIZNATI PRETPOREZ (30 ili 70%)</field>
        <field name="code">HRTAX_p910</field>
        <field name="level" eval="4"/>
        <field name="sequence" eval="1"/>
        <field name="formulas">balance = HRTAX_p911.balance + HRTAX_p912.balance + HRTAX_p913.balance</field>
        <field name="parent_id" ref="financial_report_l10n_hr_line_68"/>
        <field name="special_date_changer">strict_range</field>
    </record>
    <record id="financial_report_l10n_hr_line_70" model="account.financial.html.report.line">
        <field name="name">Nepriznati pretporez 10% (p)</field>
        <field name="code">HRTAX_p911</field>
        <field name="level" eval="5"/>
        <field name="sequence" eval="1"/>
        <field name="formulas">balance = sum.balance</field>
        <field name="parent_id" ref="financial_report_l10n_hr_line_69"/>
        <field name="show_domain">never</field>
        <field name="special_date_changer">strict_range</field>
    </record>
    <record id="financial_report_l10n_hr_line_71" model="account.financial.html.report.line">
        <field name="name">Nepriznati pretporez 22% i 23% (p)</field>
        <field name="code">HRTAX_p912</field>
        <field name="level" eval="5"/>
        <field name="sequence" eval="2"/>
        <field name="formulas">balance = sum.balance</field>
        <field name="parent_id" ref="financial_report_l10n_hr_line_69"/>
        <field name="show_domain">never</field>
        <field name="special_date_changer">strict_range</field>
    </record>
    <record id="financial_report_l10n_hr_line_72" model="account.financial.html.report.line">
        <field name="name">Nepriznati pretporez 25% (p)</field>
        <field name="code">HRTAX_p913</field>
        <field name="level" eval="5"/>
        <field name="sequence" eval="3"/>
        <field name="domain" eval="[('tax_line_id.tag_ids', 'in', [ref('l10n_hr.tag_hr_75')])]"/>
        <field name="formulas">balance = sum.balance</field>
        <field name="parent_id" ref="financial_report_l10n_hr_line_69"/>
        <field name="show_domain">never</field>
        <field name="special_date_changer">strict_range</field>
    </record>
    <record id="financial_report_l10n_hr_line_73" model="account.financial.html.report.line">
        <field name="name">Pretporez koji još nije priznan (ukupno)</field>
        <field name="code">HRTAX_p920</field>
        <field name="level" eval="3"/>
        <field name="sequence" eval="4"/>
        <field name="formulas">balance = HRTAX_p9201.balance + HRTAX_p9202.balance + HRTAX_p9203.balance + HRTAX_p9204.balance</field>
        <field name="parent_id" ref="financial_report_l10n_hr_line_62"/>
        <field name="special_date_changer">strict_range</field>
    </record>
    <record id="financial_report_l10n_hr_line_74" model="account.financial.html.report.line">
        <field name="name">Pretporez koji još nije priznan (neplaćeni R2)</field>
        <field name="code">HRTAX_p9201</field>
        <field name="level" eval="4"/>
        <field name="sequence" eval="1"/>
        <field name="domain" eval="[('tax_line_id.tag_ids', 'in', [ref('l10n_hr.tag_hr_77')])]"/>
        <field name="formulas">balance = sum.balance</field>
        <field name="parent_id" ref="financial_report_l10n_hr_line_73"/>
        <field name="show_domain">never</field>
        <field name="special_date_changer">strict_range</field>
    </record>
    <record id="financial_report_l10n_hr_line_75" model="account.financial.html.report.line">
        <field name="name">Pretporez koji još nije priznan (neplaćeni UVOZ dobara 25%)</field>
        <field name="code">HRTAX_p9202</field>
        <field name="level" eval="4"/>
        <field name="sequence" eval="2"/>
        <field name="domain" eval="[('tax_line_id.tag_ids', 'in', [ref('l10n_hr.tag_hr_78')])]"/>
        <field name="formulas">balance = sum.balance</field>
        <field name="parent_id" ref="financial_report_l10n_hr_line_73"/>
        <field name="show_domain">never</field>
        <field name="special_date_changer">strict_range</field>
    </record>
    <record id="financial_report_l10n_hr_line_76" model="account.financial.html.report.line">
        <field name="name">Pretporez koji još nije priznan (neplaćene INO usluge 25%)</field>
        <field name="code">HRTAX_p9203</field>
        <field name="level" eval="4"/>
        <field name="sequence" eval="3"/>
        <field name="domain" eval="[('tax_line_id.tag_ids', 'in', [ref('l10n_hr.tag_hr_79')])]"/>
        <field name="formulas">balance = sum.balance</field>
        <field name="parent_id" ref="financial_report_l10n_hr_line_73"/>
        <field name="show_domain">never</field>
        <field name="special_date_changer">strict_range</field>
    </record>
    <record id="financial_report_l10n_hr_line_77" model="account.financial.html.report.line">
        <field name="name">Pretporez koji još nije priznan (neplaćene INO usluge 10%)</field>
        <field name="code">HRTAX_p9204</field>
        <field name="level" eval="4"/>
        <field name="sequence" eval="4"/>
        <field name="formulas">balance = sum.balance</field>
        <field name="parent_id" ref="financial_report_l10n_hr_line_73"/>
        <field name="show_domain">never</field>
        <field name="special_date_changer">strict_range</field>
    </record>
</odoo>
