id,name,model_id:id,group_id:id,perm_read,perm_write,perm_create,perm_unlink
access_account_financial_html_report,account.financial.html.report,model_account_financial_html_report,account.group_account_user,1,1,1,1
access_account_financial_html_report_invoice,account.financial.html.report invoice,model_account_financial_html_report,account.group_account_invoice,1,0,0,0
access_account_financial_html_report_line,account.financial.html.report.line,model_account_financial_html_report_line,account.group_account_user,1,1,1,1
access_account_financial_html_report_line_invoice,account.financial.html.report.line invoice,model_account_financial_html_report_line,account.group_account_invoice,1,0,0,0
access_account_report_type,account.report.type,model_account_report_type,,1,0,0,0
